time/fps,time/process,time/physics_process,memory/static,memory/static_max,memory/msg_buf_max,object/objects,object/resources,object/nodes,object/orphan_nodes,raster/total_objects_drawn,raster/total_primitives_drawn,raster/total_draw_calls,video/video_mem,video/texture_mem,video/buffer_mem,physics_2d/active_objects,physics_2d/collision_pairs,physics_2d/islands,physics_3d/active_objects,physics_3d/collision_pairs,physics_3d/islands,audio/driver/output_latency
1.0,0.0,0.0,61024944.0,93620680.0,2496.0,1585.0,246.0,18.0,1.0,0.0,0.0,0.0,127870864.0,66548736.0,1811836.0,0.0,0.0,0.0,0.0,0.0,0.0,0.01
37.0,0.011317,0.000154,61023008.0,93620680.0,2496.0,1588.0,246.0,18.0,1.0,0.0,0.0,0.0,126315216.0,64444416.0,1836220.0,0.0,0.0,0.0,0.0,0.0,0.0,0.01
179.0,0.01673,0.001045,61141840.0,93620680.0,2496.0,1606.0,246.0,25.0,1.0,0.0,0.0,0.0,126421904.0,64575488.0,1811836.0,0.0,0.0,0.0,0.0,0.0,0.0,0.01
179.0,0.010701,0.00015,61141952.0,93620680.0,2496.0,1606.0,246.0,25.0,1.0,0.0,0.0,0.0,126417392.0,64575488.0,1807324.0,0.0,0.0,0.0,0.0,0.0,0.0,0.01
179.0,0.011455,0.00119,66621872.0,93620680.0,6696.0,2032.0,246.0,326.0,5.0,0.0,0.0,0.0,126400016.0,64575488.0,1780588.0,15.0,274.0,169.0,0.0,0.0,0.0,0.01
155.0,0.015887,0.017498,66637984.0,93620680.0,6696.0,2032.0,246.0,326.0,5.0,0.0,0.0,0.0,126400016.0,64575488.0,1780588.0,15.0,279.0,174.0,0.0,0.0,0.0,0.01
156.0,0.012348,0.002103,66643640.0,93620680.0,6696.0,2032.0,246.0,326.0,5.0,0.0,0.0,0.0,126400016.0,64575488.0,1780588.0,15.0,279.0,174.0,0.0,0.0,0.0,0.01
134.0,0.012442,0.002452,66685112.0,93620680.0,6696.0,2032.0,246.0,326.0,5.0,0.0,0.0,0.0,126400016.0,64575488.0,1780588.0,15.0,287.0,182.0,0.0,0.0,0.0,0.01
135.0,0.015224,0.002119,66753032.0,93620680.0,6696.0,2034.0,246.0,326.0,5.0,0.0,0.0,0.0,126400016.0,64575488.0,1780588.0,15.0,295.0,190.0,0.0,0.0,0.0,0.01
133.0,0.016049,0.00228,66767320.0,93620680.0,6696.0,2034.0,246.0,326.0,5.0,0.0,0.0,0.0,126400016.0,64575488.0,1780588.0,15.0,278.0,173.0,0.0,0.0,0.0,0.01
109.0,0.015565,0.002393,66768312.0,93620680.0,6696.0,2034.0,246.0,326.0,5.0,0.0,0.0,0.0,126400016.0,64575488.0,1780588.0,15.0,278.0,173.0,0.0,0.0,0.0,0.01
104.0,0.016671,0.001563,66769032.0,93620680.0,6696.0,2034.0,246.0,326.0,5.0,0.0,0.0,0.0,126400016.0,64575488.0,1780588.0,15.0,283.0,178.0,0.0,0.0,0.0,0.01
102.0,0.016449,0.00284,67557688.0,93620680.0,6696.0,2049.0,246.0,330.0,5.0,0.0,0.0,0.0,137580048.0,75755520.0,1780588.0,16.0,403.0,280.0,0.0,0.0,0.0,0.01
98.0,0.023951,0.002726,67301480.0,93620680.0,6696.0,2002.0,246.0,298.0,5.0,0.0,0.0,0.0,137579280.0,75755520.0,1780444.0,15.0,378.0,258.0,0.0,0.0,0.0,0.01
100.0,0.016342,0.002578,67324672.0,93620680.0,6696.0,2003.0,246.0,298.0,5.0,0.0,0.0,0.0,137578512.0,75755520.0,1780300.0,14.0,349.0,228.0,0.0,0.0,0.0,0.01
106.0,0.016914,0.001761,67564944.0,93620680.0,6696.0,2043.0,246.0,330.0,4.0,0.0,0.0,0.0,137580048.0,75755520.0,1780588.0,15.0,368.0,263.0,0.0,0.0,0.0,0.01
110.0,0.015304,0.007968,67617840.0,93620680.0,6696.0,2043.0,246.0,330.0,4.0,0.0,0.0,0.0,137580048.0,75755520.0,1780588.0,15.0,368.0,263.0,0.0,0.0,0.0,0.01
101.0,0.016605,0.001357,67615432.0,93620680.0,6696.0,2043.0,246.0,330.0,4.0,0.0,0.0,0.0,137580048.0,75755520.0,1780588.0,15.0,367.0,262.0,0.0,0.0,0.0,0.01
102.0,0.016153,0.00122,67615096.0,93620680.0,6696.0,2043.0,246.0,330.0,4.0,0.0,0.0,0.0,137580048.0,75755520.0,1780588.0,15.0,371.0,266.0,0.0,0.0,0.0,0.01
102.0,0.016963,0.001448,68496176.0,93620680.0,6696.0,2192.0,246.0,430.0,6.0,0.0,0.0,0.0,137583888.0,75755520.0,1781308.0,21.0,586.0,457.0,0.0,0.0,0.0,0.01
93.0,0.016073,0.00353,68462160.0,93620680.0,6696.0,2174.0,246.0,420.0,6.0,0.0,0.0,0.0,137583120.0,75755520.0,1781164.0,21.0,542.0,416.0,0.0,0.0,0.0,0.01
88.0,0.015051,0.002332,68213248.0,93620680.0,6696.0,2119.0,246.0,380.0,6.0,0.0,0.0,0.0,137581584.0,75755520.0,1780876.0,17.0,468.0,344.0,0.0,0.0,0.0,0.01
95.0,0.016126,0.004835,68009616.0,93620680.0,6696.0,2089.0,246.0,366.0,6.0,0.0,0.0,0.0,137580048.0,75755520.0,1780588.0,19.0,396.0,278.0,0.0,0.0,0.0,0.01
98.0,0.015457,0.0073,68557072.0,93620680.0,6696.0,2165.0,246.0,418.0,5.0,0.0,0.0,0.0,137583120.0,75755520.0,1781164.0,19.0,495.0,390.0,0.0,0.0,0.0,0.01
96.0,0.016468,0.001764,68566136.0,93620680.0,6696.0,2165.0,246.0,418.0,5.0,0.0,0.0,0.0,137583120.0,75755520.0,1781164.0,19.0,500.0,395.0,0.0,0.0,0.0,0.01
95.0,0.016538,0.002017,68573136.0,93620680.0,6696.0,2165.0,246.0,418.0,5.0,0.0,0.0,0.0,137583120.0,75755520.0,1781164.0,19.0,513.0,408.0,0.0,0.0,0.0,0.01
95.0,0.015347,0.002148,68593712.0,93620680.0,6696.0,2165.0,246.0,418.0,5.0,0.0,0.0,0.0,137583120.0,75755520.0,1781164.0,19.0,528.0,423.0,0.0,0.0,0.0,0.01
99.0,0.016005,0.002337,68599928.0,93620680.0,6696.0,2165.0,246.0,418.0,5.0,0.0,0.0,0.0,137583120.0,75755520.0,1781164.0,19.0,524.0,419.0,0.0,0.0,0.0,0.01
97.0,0.016459,0.001882,68599800.0,93620680.0,6696.0,2165.0,246.0,418.0,5.0,0.0,0.0,0.0,137583120.0,75755520.0,1781164.0,19.0,524.0,419.0,0.0,0.0,0.0,0.01
99.0,0.015637,0.001734,68599800.0,93620680.0,6696.0,2165.0,246.0,418.0,5.0,0.0,0.0,0.0,137583120.0,75755520.0,1781164.0,19.0,524.0,419.0,0.0,0.0,0.0,0.01
97.0,0.015266,0.003603,68599520.0,93620680.0,6696.0,2165.0,246.0,418.0,5.0,0.0,0.0,0.0,137583120.0,75755520.0,1781164.0,19.0,524.0,419.0,0.0,0.0,0.0,0.01
100.0,0.014828,0.001908,68599520.0,93620680.0,6696.0,2165.0,246.0,418.0,5.0,0.0,0.0,0.0,137583120.0,75755520.0,1781164.0,19.0,524.0,419.0,0.0,0.0,0.0,0.01
99.0,0.018414,0.002218,68599520.0,93620680.0,6696.0,2165.0,246.0,418.0,5.0,0.0,0.0,0.0,137583120.0,75755520.0,1781164.0,19.0,524.0,419.0,0.0,0.0,0.0,0.01
97.0,0.015764,0.002591,68599520.0,93620680.0,6696.0,2165.0,246.0,418.0,5.0,0.0,0.0,0.0,137583120.0,75755520.0,1781164.0,19.0,524.0,419.0,0.0,0.0,0.0,0.01
99.0,0.015462,0.001951,69351680.0,93620680.0,6696.0,2300.0,246.0,514.0,7.0,0.0,0.0,0.0,137586960.0,75755520.0,1781884.0,24.0,563.0,458.0,0.0,0.0,0.0,0.01
88.0,0.022151,0.003079,69351760.0,93620680.0,6696.0,2300.0,246.0,514.0,7.0,0.0,0.0,0.0,137586960.0,75755520.0,1781884.0,24.0,564.0,459.0,0.0,0.0,0.0,0.01
84.0,0.030836,0.002698,69351520.0,93620680.0,6696.0,2300.0,246.0,514.0,7.0,0.0,0.0,0.0,137586960.0,75755520.0,1781884.0,24.0,561.0,456.0,0.0,0.0,0.0,0.01
85.0,0.01851,0.002357,69356784.0,93620680.0,6696.0,2300.0,246.0,514.0,7.0,0.0,0.0,0.0,137586960.0,75755520.0,1781884.0,24.0,566.0,461.0,0.0,0.0,0.0,0.01
85.0,0.017541,0.002855,69362752.0,93620680.0,6696.0,2300.0,246.0,514.0,7.0,0.0,0.0,0.0,137586960.0,75755520.0,1781884.0,24.0,566.0,461.0,0.0,0.0,0.0,0.01
85.0,0.02239,0.002832,69362456.0,93620680.0,6696.0,2300.0,246.0,514.0,7.0,0.0,0.0,0.0,137586960.0,75755520.0,1781884.0,24.0,566.0,461.0,0.0,0.0,0.0,0.01
87.0,0.017674,0.001884,69367352.0,93620680.0,6696.0,2300.0,246.0,514.0,7.0,0.0,0.0,0.0,137586960.0,75755520.0,1781884.0,24.0,574.0,469.0,0.0,0.0,0.0,0.01
72.0,0.018954,0.004006,69375992.0,93620680.0,6696.0,2300.0,246.0,514.0,7.0,0.0,0.0,0.0,137586960.0,75755520.0,1781884.0,24.0,573.0,468.0,0.0,0.0,0.0,0.01
85.0,0.018126,0.00237,69387752.0,93620680.0,6696.0,2302.0,246.0,514.0,7.0,0.0,0.0,0.0,137586960.0,75755520.0,1781884.0,24.0,583.0,478.0,0.0,0.0,0.0,0.01
86.0,0.017168,0.002135,69390336.0,93620680.0,6696.0,2303.0,246.0,514.0,7.0,0.0,0.0,0.0,137586960.0,75755520.0,1781884.0,24.0,575.0,470.0,0.0,0.0,0.0,0.01
87.0,0.016766,0.00238,69388480.0,93620680.0,6696.0,2303.0,246.0,514.0,7.0,0.0,0.0,0.0,137586960.0,75755520.0,1781884.0,24.0,566.0,461.0,0.0,0.0,0.0,0.01
87.0,0.013556,0.001791,69387488.0,93620680.0,6696.0,2303.0,246.0,514.0,7.0,0.0,0.0,0.0,137586960.0,75755520.0,1781884.0,24.0,559.0,454.0,0.0,0.0,0.0,0.01
87.0,0.014579,0.002863,69387728.0,93620680.0,6696.0,2303.0,246.0,514.0,7.0,0.0,0.0,0.0,137586960.0,75755520.0,1781884.0,24.0,562.0,457.0,0.0,0.0,0.0,0.01
87.0,0.015762,0.002707,69389880.0,93620680.0,6696.0,2303.0,246.0,514.0,7.0,0.0,0.0,0.0,137586960.0,75755520.0,1781884.0,24.0,566.0,461.0,0.0,0.0,0.0,0.01
86.0,0.025935,0.002993,69401936.0,93620680.0,6696.0,2303.0,246.0,514.0,7.0,0.0,0.0,0.0,137586960.0,75755520.0,1781884.0,24.0,569.0,464.0,0.0,0.0,0.0,0.01
87.0,0.018,0.001893,69403192.0,93620680.0,6696.0,2303.0,246.0,514.0,7.0,0.0,0.0,0.0,137586960.0,75755520.0,1781884.0,24.0,570.0,465.0,0.0,0.0,0.0,0.01
87.0,0.017967,0.002277,69403192.0,93620680.0,6696.0,2303.0,246.0,514.0,7.0,0.0,0.0,0.0,137586960.0,75755520.0,1781884.0,24.0,570.0,465.0,0.0,0.0,0.0,0.01
87.0,0.01678,0.001942,69403192.0,93620680.0,6696.0,2303.0,246.0,514.0,7.0,0.0,0.0,0.0,137586960.0,75755520.0,1781884.0,24.0,570.0,465.0,0.0,0.0,0.0,0.01
86.0,0.019445,0.002637,69403552.0,93620680.0,6696.0,2303.0,246.0,514.0,7.0,0.0,0.0,0.0,137586960.0,75755520.0,1781884.0,24.0,570.0,465.0,0.0,0.0,0.0,0.01
87.0,0.016403,0.002595,69403192.0,93620680.0,6696.0,2303.0,246.0,514.0,7.0,0.0,0.0,0.0,137586960.0,75755520.0,1781884.0,24.0,570.0,465.0,0.0,0.0,0.0,0.01
88.0,0.01477,0.001907,69403192.0,93620680.0,6696.0,2303.0,246.0,514.0,7.0,0.0,0.0,0.0,137586960.0,75755520.0,1781884.0,24.0,570.0,465.0,0.0,0.0,0.0,0.01
86.0,0.017717,0.001953,69404824.0,93620680.0,6696.0,2304.0,246.0,514.0,7.0,0.0,0.0,0.0,137586960.0,75755520.0,1781884.0,24.0,570.0,465.0,0.0,0.0,0.0,0.01
87.0,0.01446,0.001949,69407960.0,93620680.0,6696.0,2309.0,246.0,514.0,7.0,0.0,0.0,0.0,137586960.0,75755520.0,1781884.0,24.0,570.0,465.0,0.0,0.0,0.0,0.01
88.0,0.015426,0.002502,69403328.0,93620680.0,6696.0,2303.0,246.0,514.0,7.0,0.0,0.0,0.0,137586960.0,75755520.0,1781884.0,24.0,570.0,465.0,0.0,0.0,0.0,0.01
85.0,0.021068,0.00337,69403328.0,93620680.0,6696.0,2303.0,246.0,514.0,7.0,0.0,0.0,0.0,137586960.0,75755520.0,1781884.0,24.0,570.0,465.0,0.0,0.0,0.0,0.01
87.0,0.023199,0.003341,69403928.0,93620680.0,6696.0,2305.0,246.0,514.0,7.0,0.0,0.0,0.0,137586960.0,75755520.0,1781884.0,24.0,568.0,463.0,0.0,0.0,0.0,0.01
87.0,0.014683,0.002083,69391792.0,93620680.0,6696.0,2304.0,246.0,514.0,7.0,0.0,0.0,0.0,137586960.0,75755520.0,1781884.0,24.0,556.0,451.0,0.0,0.0,0.0,0.01
87.0,0.01543,0.002048,69402368.0,93620680.0,6696.0,2304.0,246.0,514.0,7.0,0.0,0.0,0.0,137586960.0,75755520.0,1781884.0,24.0,549.0,444.0,0.0,0.0,0.0,0.01
88.0,0.014266,0.002927,69407600.0,93620680.0,6696.0,2304.0,246.0,514.0,7.0,0.0,0.0,0.0,137586960.0,75755520.0,1781884.0,24.0,562.0,457.0,0.0,0.0,0.0,0.01
87.0,0.015764,0.002941,69431456.0,93620680.0,6696.0,2304.0,246.0,514.0,7.0,0.0,0.0,0.0,137586960.0,75755520.0,1781884.0,24.0,568.0,463.0,0.0,0.0,0.0,0.01
85.0,0.015042,0.00309,69462808.0,93620680.0,6696.0,2304.0,246.0,514.0,7.0,0.0,0.0,0.0,137586960.0,75755520.0,1781884.0,24.0,543.0,438.0,0.0,0.0,0.0,0.01
85.0,0.016756,0.005239,69528592.0,93620680.0,6696.0,2304.0,246.0,514.0,7.0,0.0,0.0,0.0,137586960.0,75755520.0,1781884.0,24.0,584.0,479.0,0.0,0.0,0.0,0.01
85.0,0.014943,0.002014,69573992.0,93620680.0,6696.0,2304.0,246.0,514.0,7.0,0.0,0.0,0.0,137586960.0,75755520.0,1781884.0,24.0,598.0,493.0,0.0,0.0,0.0,0.01
84.0,0.016146,0.002487,70304296.0,93620680.0,6696.0,2326.0,246.0,530.0,7.0,0.0,0.0,0.0,137586960.0,75755520.0,1781884.0,28.0,796.0,638.0,0.0,0.0,0.0,0.01
80.0,0.014405,0.002827,70252240.0,93620680.0,6696.0,2303.0,246.0,514.0,7.0,0.0,0.0,0.0,137586192.0,75755520.0,1781740.0,25.0,769.0,611.0,0.0,0.0,0.0,0.01
82.0,0.014483,0.00267,70106472.0,93620680.0,6696.0,2271.0,246.0,490.0,7.0,0.0,0.0,0.0,137585424.0,75755520.0,1781596.0,24.0,731.0,576.0,0.0,0.0,0.0,0.01
83.0,0.015405,0.00664,69970192.0,93620680.0,6696.0,2252.0,246.0,478.0,7.0,0.0,0.0,0.0,137584656.0,75755520.0,1781452.0,24.0,684.0,530.0,0.0,0.0,0.0,0.01
87.0,0.014802,0.002576,69497128.0,93620680.0,6696.0,2172.0,246.0,422.0,7.0,0.0,0.0,0.0,137582352.0,75755520.0,1781020.0,18.0,548.0,408.0,0.0,0.0,0.0,0.01
90.0,0.015007,0.01006,70063472.0,93620680.0,6696.0,2260.0,246.0,486.0,6.0,0.0,0.0,0.0,137585424.0,75755520.0,1781596.0,22.0,657.0,552.0,0.0,0.0,0.0,0.01
86.0,0.014926,0.002425,70086160.0,93620680.0,6696.0,2266.0,246.0,486.0,6.0,0.0,0.0,0.0,137585424.0,75755520.0,1781596.0,22.0,657.0,552.0,0.0,0.0,0.0,0.01
87.0,0.015457,0.002609,70081904.0,93620680.0,6696.0,2260.0,246.0,486.0,6.0,0.0,0.0,0.0,137585424.0,75755520.0,1781596.0,22.0,657.0,552.0,0.0,0.0,0.0,0.01
87.0,0.014744,0.001653,70081904.0,93620680.0,6696.0,2260.0,246.0,486.0,6.0,0.0,0.0,0.0,137585424.0,75755520.0,1781596.0,22.0,657.0,552.0,0.0,0.0,0.0,0.01
86.0,0.014949,0.001804,70080608.0,93620680.0,6696.0,2259.0,246.0,486.0,6.0,0.0,0.0,0.0,137585424.0,75755520.0,1781596.0,22.0,657.0,552.0,0.0,0.0,0.0,0.01
86.0,0.015495,0.001652,70080608.0,93620680.0,6696.0,2259.0,246.0,486.0,6.0,0.0,0.0,0.0,137585424.0,75755520.0,1781596.0,22.0,657.0,552.0,0.0,0.0,0.0,0.01
82.0,0.02886,0.002715,70080608.0,93620680.0,6696.0,2259.0,246.0,486.0,6.0,0.0,0.0,0.0,137585424.0,75755520.0,1781596.0,22.0,657.0,552.0,0.0,0.0,0.0,0.01
86.0,0.020744,0.001726,70080608.0,93620680.0,6696.0,2259.0,246.0,486.0,6.0,0.0,0.0,0.0,137585424.0,75755520.0,1781596.0,22.0,657.0,552.0,0.0,0.0,0.0,0.01
86.0,0.021208,0.002725,70080608.0,93620680.0,6696.0,2259.0,246.0,486.0,6.0,0.0,0.0,0.0,137585424.0,75755520.0,1781596.0,22.0,657.0,552.0,0.0,0.0,0.0,0.01
85.0,0.017919,0.001577,70080608.0,93620680.0,6696.0,2259.0,246.0,486.0,6.0,0.0,0.0,0.0,137585424.0,75755520.0,1781596.0,22.0,657.0,552.0,0.0,0.0,0.0,0.01
87.0,0.018414,0.001419,70080720.0,93620680.0,6696.0,2259.0,246.0,486.0,6.0,0.0,0.0,0.0,137585424.0,75755520.0,1781596.0,22.0,657.0,552.0,0.0,0.0,0.0,0.01
82.0,0.023723,0.001955,70080720.0,93620680.0,6696.0,2259.0,246.0,486.0,6.0,0.0,0.0,0.0,137585424.0,75755520.0,1781596.0,22.0,657.0,552.0,0.0,0.0,0.0,0.01
87.0,0.016713,0.001722,70080720.0,93620680.0,6696.0,2259.0,246.0,486.0,6.0,0.0,0.0,0.0,137585424.0,75755520.0,1781596.0,22.0,657.0,552.0,0.0,0.0,0.0,0.01
85.0,0.020395,0.002394,70081848.0,93620680.0,6696.0,2260.0,246.0,486.0,6.0,0.0,0.0,0.0,137585424.0,75755520.0,1781596.0,22.0,657.0,552.0,0.0,0.0,0.0,0.01
87.0,0.014967,0.001656,70093704.0,93620680.0,6696.0,2277.0,246.0,486.0,6.0,0.0,0.0,0.0,137585424.0,75755520.0,1781596.0,22.0,657.0,552.0,0.0,0.0,0.0,0.01
87.0,0.014764,0.001628,70081792.0,93620680.0,6696.0,2260.0,246.0,486.0,6.0,0.0,0.0,0.0,137585424.0,75755520.0,1781596.0,22.0,657.0,552.0,0.0,0.0,0.0,0.01
86.0,0.017642,0.001493,70081792.0,93620680.0,6696.0,2260.0,246.0,486.0,6.0,0.0,0.0,0.0,137585424.0,75755520.0,1781596.0,22.0,657.0,552.0,0.0,0.0,0.0,0.01
87.0,0.015066,0.001852,70080720.0,93620680.0,6696.0,2259.0,246.0,486.0,6.0,0.0,0.0,0.0,137585424.0,75755520.0,1781596.0,22.0,657.0,552.0,0.0,0.0,0.0,0.01
87.0,0.023793,0.002827,70080720.0,93620680.0,6696.0,2259.0,246.0,486.0,6.0,0.0,0.0,0.0,137585424.0,75755520.0,1781596.0,22.0,657.0,552.0,0.0,0.0,0.0,0.01
86.0,0.016441,0.001625,70080592.0,93620680.0,6696.0,2259.0,246.0,486.0,6.0,0.0,0.0,0.0,137585424.0,75755520.0,1781596.0,22.0,657.0,552.0,0.0,0.0,0.0,0.01
84.0,0.024189,0.002573,70080592.0,93620680.0,6696.0,2259.0,246.0,486.0,6.0,0.0,0.0,0.0,137585424.0,75755520.0,1781596.0,22.0,657.0,552.0,0.0,0.0,0.0,0.01
84.0,0.019898,0.002222,70080592.0,93620680.0,6696.0,2259.0,246.0,486.0,6.0,0.0,0.0,0.0,137585424.0,75755520.0,1781596.0,22.0,657.0,552.0,0.0,0.0,0.0,0.01
85.0,0.022657,0.001928,70080592.0,93620680.0,6696.0,2259.0,246.0,486.0,6.0,0.0,0.0,0.0,137585424.0,75755520.0,1781596.0,22.0,657.0,552.0,0.0,0.0,0.0,0.01
85.0,0.018343,0.00283,70080592.0,93620680.0,6696.0,2259.0,246.0,486.0,6.0,0.0,0.0,0.0,137585424.0,75755520.0,1781596.0,22.0,657.0,552.0,0.0,0.0,0.0,0.01
76.0,0.021905,0.003885,70080592.0,93620680.0,6696.0,2259.0,246.0,486.0,6.0,0.0,0.0,0.0,137585424.0,75755520.0,1781596.0,22.0,657.0,552.0,0.0,0.0,0.0,0.01
85.0,0.018261,0.001898,70080592.0,93620680.0,6696.0,2259.0,246.0,486.0,6.0,0.0,0.0,0.0,137585424.0,75755520.0,1781596.0,22.0,657.0,552.0,0.0,0.0,0.0,0.01
85.0,0.017357,0.002686,70080592.0,93620680.0,6696.0,2259.0,246.0,486.0,6.0,0.0,0.0,0.0,137585424.0,75755520.0,1781596.0,22.0,657.0,552.0,0.0,0.0,0.0,0.01
86.0,0.017482,0.001634,70080592.0,93620680.0,6696.0,2259.0,246.0,486.0,6.0,0.0,0.0,0.0,137585424.0,75755520.0,1781596.0,22.0,657.0,552.0,0.0,0.0,0.0,0.01
86.0,0.016434,0.001801,70080592.0,93620680.0,6696.0,2259.0,246.0,486.0,6.0,0.0,0.0,0.0,137585424.0,75755520.0,1781596.0,22.0,657.0,552.0,0.0,0.0,0.0,0.01
86.0,0.015357,0.001783,70080592.0,93620680.0,6696.0,2259.0,246.0,486.0,6.0,0.0,0.0,0.0,137585424.0,75755520.0,1781596.0,22.0,657.0,552.0,0.0,0.0,0.0,0.01
86.0,0.020779,0.001746,70080592.0,93620680.0,6696.0,2259.0,246.0,486.0,6.0,0.0,0.0,0.0,137585424.0,75755520.0,1781596.0,22.0,657.0,552.0,0.0,0.0,0.0,0.01
85.0,0.018718,0.00215,70080592.0,93620680.0,6696.0,2259.0,246.0,486.0,6.0,0.0,0.0,0.0,137585424.0,75755520.0,1781596.0,22.0,657.0,552.0,0.0,0.0,0.0,0.01
87.0,0.015381,0.001914,70080592.0,93620680.0,6696.0,2259.0,246.0,486.0,6.0,0.0,0.0,0.0,137585424.0,75755520.0,1781596.0,22.0,657.0,552.0,0.0,0.0,0.0,0.01
84.0,0.021007,0.001727,70080592.0,93620680.0,6696.0,2259.0,246.0,486.0,6.0,0.0,0.0,0.0,137585424.0,75755520.0,1781596.0,22.0,657.0,552.0,0.0,0.0,0.0,0.01
67.0,0.02236,0.002414,70080592.0,93620680.0,6696.0,2259.0,246.0,486.0,6.0,0.0,0.0,0.0,137585424.0,75755520.0,1781596.0,22.0,657.0,552.0,0.0,0.0,0.0,0.01
83.0,0.019762,0.002386,70069816.0,93620680.0,6696.0,2259.0,246.0,486.0,6.0,0.0,0.0,0.0,137585424.0,75755520.0,1781596.0,22.0,643.0,507.0,0.0,0.0,0.0,0.01
85.0,0.021728,0.001759,70069816.0,93620680.0,6696.0,2259.0,246.0,486.0,6.0,0.0,0.0,0.0,137585424.0,75755520.0,1781596.0,22.0,643.0,507.0,0.0,0.0,0.0,0.01
78.0,0.019702,0.003295,70744912.0,93620680.0,6696.0,2394.0,246.0,582.0,8.0,0.0,0.0,0.0,137589264.0,75755520.0,1782316.0,27.0,689.0,553.0,0.0,0.0,0.0,0.01
76.0,0.016911,0.002341,70744912.0,93620680.0,6696.0,2394.0,246.0,582.0,8.0,0.0,0.0,0.0,137589264.0,75755520.0,1782316.0,27.0,689.0,553.0,0.0,0.0,0.0,0.01
77.0,0.01778,0.002861,70744912.0,93620680.0,6696.0,2394.0,246.0,582.0,8.0,0.0,0.0,0.0,137589264.0,75755520.0,1782316.0,27.0,689.0,553.0,0.0,0.0,0.0,0.01
74.0,0.018291,0.002676,70744912.0,93620680.0,6696.0,2394.0,246.0,582.0,8.0,0.0,0.0,0.0,137589264.0,75755520.0,1782316.0,27.0,689.0,553.0,0.0,0.0,0.0,0.01
76.0,0.017038,0.002512,70748176.0,93620680.0,6696.0,2394.0,246.0,582.0,8.0,0.0,0.0,0.0,137589264.0,75755520.0,1782316.0,27.0,696.0,560.0,0.0,0.0,0.0,0.01
76.0,0.020021,0.002756,70748608.0,93620680.0,6696.0,2394.0,246.0,582.0,8.0,0.0,0.0,0.0,137589264.0,75755520.0,1782316.0,27.0,701.0,565.0,0.0,0.0,0.0,0.01
77.0,0.015623,0.001674,70750864.0,93620680.0,6696.0,2396.0,246.0,582.0,8.0,0.0,0.0,0.0,137589264.0,75755520.0,1782316.0,27.0,710.0,574.0,0.0,0.0,0.0,0.01
77.0,0.016825,0.002165,70750704.0,93620680.0,6696.0,2396.0,246.0,582.0,8.0,0.0,0.0,0.0,137589264.0,75755520.0,1782316.0,27.0,705.0,569.0,0.0,0.0,0.0,0.01
77.0,0.016546,0.002005,70748912.0,93620680.0,6696.0,2396.0,246.0,582.0,8.0,0.0,0.0,0.0,137589264.0,75755520.0,1782316.0,27.0,696.0,560.0,0.0,0.0,0.0,0.01
76.0,0.020481,0.003863,70748088.0,93620680.0,6696.0,2396.0,246.0,582.0,8.0,0.0,0.0,0.0,137589264.0,75755520.0,1782316.0,27.0,689.0,553.0,0.0,0.0,0.0,0.01
77.0,0.016052,0.003987,70748088.0,93620680.0,6696.0,2396.0,246.0,582.0,8.0,0.0,0.0,0.0,137589264.0,75755520.0,1782316.0,27.0,689.0,553.0,0.0,0.0,0.0,0.01
76.0,0.01777,0.002184,70748088.0,93620680.0,6696.0,2396.0,246.0,582.0,8.0,0.0,0.0,0.0,137589264.0,75755520.0,1782316.0,27.0,689.0,553.0,0.0,0.0,0.0,0.01
73.0,0.020343,0.002279,70748088.0,93620680.0,6696.0,2396.0,246.0,582.0,8.0,0.0,0.0,0.0,137589264.0,75755520.0,1782316.0,27.0,689.0,553.0,0.0,0.0,0.0,0.01
56.0,0.024157,0.00411,70759992.0,93620680.0,6696.0,2396.0,246.0,582.0,8.0,0.0,0.0,0.0,137589264.0,75755520.0,1782316.0,27.0,697.0,589.0,0.0,0.0,0.0,0.01
76.0,0.019922,0.002181,70759992.0,93620680.0,6696.0,2396.0,246.0,582.0,8.0,0.0,0.0,0.0,137589264.0,75755520.0,1782316.0,27.0,697.0,589.0,0.0,0.0,0.0,0.01
77.0,0.017069,0.00281,70759992.0,93620680.0,6696.0,2396.0,246.0,582.0,8.0,0.0,0.0,0.0,137589264.0,75755520.0,1782316.0,27.0,697.0,589.0,0.0,0.0,0.0,0.01
75.0,0.020256,0.003373,70763920.0,93620680.0,6696.0,2400.0,246.0,582.0,8.0,0.0,0.0,0.0,137589264.0,75755520.0,1782316.0,27.0,697.0,589.0,0.0,0.0,0.0,0.01
77.0,0.016066,0.003404,70767552.0,93620680.0,6696.0,2397.0,246.0,582.0,8.0,0.0,0.0,0.0,137589264.0,75755520.0,1782316.0,27.0,709.0,601.0,0.0,0.0,0.0,0.01
77.0,0.017537,0.003549,70770704.0,93620680.0,6696.0,2397.0,246.0,582.0,8.0,0.0,0.0,0.0,137589264.0,75755520.0,1782316.0,27.0,715.0,607.0,0.0,0.0,0.0,0.01
78.0,0.014911,0.001938,70762184.0,93620680.0,6696.0,2397.0,246.0,582.0,8.0,0.0,0.0,0.0,137589264.0,75755520.0,1782316.0,27.0,713.0,605.0,0.0,0.0,0.0,0.01
76.0,0.015848,0.002128,70816112.0,93620680.0,6696.0,2398.0,246.0,582.0,8.0,0.0,0.0,0.0,137589264.0,75755520.0,1782316.0,27.0,779.0,649.0,0.0,0.0,0.0,0.01
77.0,0.017624,0.002434,71061744.0,93620680.0,6696.0,2409.0,246.0,590.0,8.0,0.0,0.0,0.0,137589264.0,75755520.0,1782316.0,29.0,846.0,696.0,0.0,0.0,0.0,0.01
73.0,0.016629,0.002526,71095552.0,93620680.0,6696.0,2410.0,246.0,590.0,8.0,0.0,0.0,0.0,137589264.0,75755520.0,1782316.0,29.0,851.0,706.0,0.0,0.0,0.0,0.01
74.0,0.016984,0.005621,71111496.0,93620680.0,6696.0,2411.0,246.0,590.0,8.0,0.0,0.0,0.0,137589264.0,75755520.0,1782316.0,28.0,856.0,710.0,0.0,0.0,0.0,0.01
75.0,0.016892,0.007842,70675984.0,93620680.0,6696.0,2335.0,246.0,538.0,8.0,0.0,0.0,0.0,137586960.0,75755520.0,1781884.0,25.0,768.0,625.0,0.0,0.0,0.0,0.01
80.0,0.01557,0.004064,70687440.0,93620680.0,6696.0,2336.0,246.0,538.0,8.0,0.0,0.0,0.0,137586960.0,75755520.0,1781884.0,25.0,779.0,630.0,0.0,0.0,0.0,0.01
78.0,0.016429,0.006597,70406040.0,93620680.0,6696.0,2291.0,246.0,506.0,8.0,0.0,0.0,0.0,137585424.0,75755520.0,1781596.0,23.0,707.0,560.0,0.0,0.0,0.0,0.01
83.0,0.015174,0.003821,70863680.0,93620680.0,6696.0,2368.0,246.0,554.0,7.0,0.0,0.0,0.0,137587728.0,75755520.0,1782028.0,25.0,822.0,714.0,0.0,0.0,0.0,0.01
81.0,0.016733,0.006067,70834272.0,93620680.0,6696.0,2355.0,246.0,554.0,7.0,0.0,0.0,0.0,137587728.0,75755520.0,1782028.0,25.0,795.0,687.0,0.0,0.0,0.0,0.01
81.0,0.01736,0.00324,70840504.0,93620680.0,6696.0,2364.0,246.0,554.0,7.0,0.0,0.0,0.0,137587728.0,75755520.0,1782028.0,25.0,795.0,687.0,0.0,0.0,0.0,0.01
79.0,0.016073,0.002289,70834144.0,93620680.0,6696.0,2355.0,246.0,554.0,7.0,0.0,0.0,0.0,137587728.0,75755520.0,1782028.0,25.0,795.0,687.0,0.0,0.0,0.0,0.01
80.0,0.016206,0.001878,70832792.0,93620680.0,6696.0,2354.0,246.0,554.0,7.0,0.0,0.0,0.0,137587728.0,75755520.0,1782028.0,25.0,795.0,687.0,0.0,0.0,0.0,0.01
80.0,0.017239,0.003412,70832920.0,93620680.0,6696.0,2354.0,246.0,554.0,7.0,0.0,0.0,0.0,137587728.0,75755520.0,1782028.0,25.0,795.0,687.0,0.0,0.0,0.0,0.01
80.0,0.015336,0.002366,70832920.0,93620680.0,6696.0,2354.0,246.0,554.0,7.0,0.0,0.0,0.0,137587728.0,75755520.0,1782028.0,25.0,795.0,687.0,0.0,0.0,0.0,0.01
79.0,0.018966,0.002621,70832920.0,93620680.0,6696.0,2354.0,246.0,554.0,7.0,0.0,0.0,0.0,137587728.0,75755520.0,1782028.0,25.0,795.0,687.0,0.0,0.0,0.0,0.01
76.0,0.017828,0.003243,70832920.0,93620680.0,6696.0,2354.0,246.0,554.0,7.0,0.0,0.0,0.0,137587728.0,75755520.0,1782028.0,25.0,795.0,687.0,0.0,0.0,0.0,0.01
70.0,0.021786,0.002908,70832920.0,93620680.0,6696.0,2354.0,246.0,554.0,7.0,0.0,0.0,0.0,137587728.0,75755520.0,1782028.0,25.0,795.0,687.0,0.0,0.0,0.0,0.01
77.0,0.020133,0.005207,70832920.0,93620680.0,6696.0,2354.0,246.0,554.0,7.0,0.0,0.0,0.0,137587728.0,75755520.0,1782028.0,25.0,795.0,687.0,0.0,0.0,0.0,0.01
75.0,0.022411,0.002443,70834928.0,93620680.0,6696.0,2354.0,246.0,554.0,7.0,0.0,0.0,0.0,137587728.0,75755520.0,1782028.0,25.0,795.0,687.0,0.0,0.0,0.0,0.01
73.0,0.022037,0.00251,70832920.0,93620680.0,6696.0,2354.0,246.0,554.0,7.0,0.0,0.0,0.0,137587728.0,75755520.0,1782028.0,25.0,795.0,687.0,0.0,0.0,0.0,0.01
74.0,0.020521,0.002362,70832920.0,93620680.0,6696.0,2354.0,246.0,554.0,7.0,0.0,0.0,0.0,137587728.0,75755520.0,1782028.0,25.0,795.0,687.0,0.0,0.0,0.0,0.01
78.0,0.018491,0.001885,70832920.0,93620680.0,6696.0,2354.0,246.0,554.0,7.0,0.0,0.0,0.0,137587728.0,75755520.0,1782028.0,25.0,795.0,687.0,0.0,0.0,0.0,0.01
77.0,0.018875,0.002559,70832920.0,93620680.0,6696.0,2354.0,246.0,554.0,7.0,0.0,0.0,0.0,137587728.0,75755520.0,1782028.0,25.0,795.0,687.0,0.0,0.0,0.0,0.01
77.0,0.024743,0.002404,70832920.0,93620680.0,6696.0,2354.0,246.0,554.0,7.0,0.0,0.0,0.0,137587728.0,75755520.0,1782028.0,25.0,795.0,687.0,0.0,0.0,0.0,0.01
80.0,0.016245,0.002621,70832920.0,93620680.0,6696.0,2354.0,246.0,554.0,7.0,0.0,0.0,0.0,137587728.0,75755520.0,1782028.0,25.0,795.0,687.0,0.0,0.0,0.0,0.01
78.0,0.022673,0.002786,70832920.0,93620680.0,6696.0,2354.0,246.0,554.0,7.0,0.0,0.0,0.0,137587728.0,75755520.0,1782028.0,25.0,795.0,687.0,0.0,0.0,0.0,0.01
80.0,0.020628,0.001725,70832920.0,93620680.0,6696.0,2354.0,246.0,554.0,7.0,0.0,0.0,0.0,137587728.0,75755520.0,1782028.0,25.0,795.0,687.0,0.0,0.0,0.0,0.01
77.0,0.020568,0.003699,70832920.0,93620680.0,6696.0,2354.0,246.0,554.0,7.0,0.0,0.0,0.0,137587728.0,75755520.0,1782028.0,25.0,795.0,687.0,0.0,0.0,0.0,0.01
79.0,0.016957,0.002714,70832920.0,93620680.0,6696.0,2354.0,246.0,554.0,7.0,0.0,0.0,0.0,137587728.0,75755520.0,1782028.0,25.0,795.0,687.0,0.0,0.0,0.0,0.01
80.0,0.017565,0.002305,70832920.0,93620680.0,6696.0,2354.0,246.0,554.0,7.0,0.0,0.0,0.0,137587728.0,75755520.0,1782028.0,25.0,795.0,687.0,0.0,0.0,0.0,0.01
77.0,0.020427,0.003409,70842448.0,93620680.0,6696.0,2367.0,246.0,554.0,7.0,0.0,0.0,0.0,137587728.0,75755520.0,1782028.0,25.0,795.0,687.0,0.0,0.0,0.0,0.01
79.0,0.019228,0.001984,70834160.0,93620680.0,6696.0,2355.0,246.0,554.0,7.0,0.0,0.0,0.0,137587728.0,75755520.0,1782028.0,25.0,795.0,687.0,0.0,0.0,0.0,0.01
80.0,0.01559,0.001983,70832712.0,93620680.0,6696.0,2355.0,246.0,554.0,7.0,0.0,0.0,0.0,137587728.0,75755520.0,1782028.0,25.0,784.0,676.0,0.0,0.0,0.0,0.01
80.0,0.013729,0.001954,70830496.0,93620680.0,6696.0,2355.0,246.0,554.0,7.0,0.0,0.0,0.0,137587728.0,75755520.0,1782028.0,25.0,784.0,676.0,0.0,0.0,0.0,0.01
81.0,0.01552,0.002023,70819000.0,93620680.0,6696.0,2355.0,246.0,554.0,7.0,0.0,0.0,0.0,137587728.0,75755520.0,1782028.0,25.0,766.0,658.0,0.0,0.0,0.0,0.01
81.0,0.015762,0.003725,70816992.0,93620680.0,6696.0,2355.0,246.0,554.0,7.0,0.0,0.0,0.0,137587728.0,75755520.0,1782028.0,25.0,745.0,637.0,0.0,0.0,0.0,0.01
82.0,0.01576,0.002171,70811296.0,93620680.0,6696.0,2355.0,246.0,554.0,7.0,0.0,0.0,0.0,137587728.0,75755520.0,1782028.0,25.0,730.0,622.0,0.0,0.0,0.0,0.01
83.0,0.014381,0.001628,70807328.0,93620680.0,6696.0,2355.0,246.0,554.0,7.0,0.0,0.0,0.0,137587728.0,75755520.0,1782028.0,25.0,726.0,618.0,0.0,0.0,0.0,0.01
85.0,0.015871,0.002045,70816208.0,93620680.0,6696.0,2355.0,246.0,554.0,7.0,0.0,0.0,0.0,137587728.0,75755520.0,1782028.0,25.0,738.0,630.0,0.0,0.0,0.0,0.01
84.0,0.015656,0.00193,71621688.0,93620680.0,6696.0,2490.0,246.0,650.0,9.0,0.0,0.0,0.0,137591568.0,75755520.0,1782748.0,30.0,812.0,704.0,0.0,0.0,0.0,0.01
79.0,0.015844,0.003847,71580064.0,93620680.0,6696.0,2490.0,246.0,650.0,9.0,0.0,0.0,0.0,137591568.0,75755520.0,1782748.0,30.0,788.0,680.0,0.0,0.0,0.0,0.01
75.0,0.015326,0.00286,71604432.0,93620680.0,6696.0,2490.0,246.0,650.0,9.0,0.0,0.0,0.0,137591568.0,75755520.0,1782748.0,30.0,809.0,701.0,0.0,0.0,0.0,0.01
76.0,0.01389,0.002922,71579912.0,93620680.0,6696.0,2490.0,246.0,650.0,9.0,0.0,0.0,0.0,137591568.0,75755520.0,1782748.0,30.0,788.0,680.0,0.0,0.0,0.0,0.01
76.0,0.015605,0.002244,71721208.0,93620680.0,6696.0,2492.0,246.0,650.0,9.0,0.0,0.0,0.0,137591568.0,75755520.0,1782748.0,30.0,850.0,742.0,0.0,0.0,0.0,0.01
81.0,0.01681,0.002936,71731576.0,93620680.0,6696.0,2492.0,246.0,650.0,9.0,0.0,0.0,0.0,137591568.0,75755520.0,1782748.0,30.0,840.0,732.0,0.0,0.0,0.0,0.01
76.0,0.013971,0.002268,71761152.0,93620680.0,6696.0,2492.0,246.0,650.0,9.0,0.0,0.0,0.0,137591568.0,75755520.0,1782748.0,30.0,851.0,743.0,0.0,0.0,0.0,0.01
77.0,0.014726,0.002273,71781000.0,93620680.0,6696.0,2492.0,246.0,650.0,9.0,0.0,0.0,0.0,137591568.0,75755520.0,1782748.0,30.0,844.0,736.0,0.0,0.0,0.0,0.01
76.0,0.015295,0.002024,71778136.0,93620680.0,6696.0,2492.0,246.0,650.0,9.0,0.0,0.0,0.0,137591568.0,75755520.0,1782748.0,30.0,842.0,734.0,0.0,0.0,0.0,0.01
75.0,0.016151,0.007894,71747952.0,93620680.0,6696.0,2492.0,246.0,650.0,9.0,0.0,0.0,0.0,137591568.0,75755520.0,1782748.0,30.0,813.0,705.0,0.0,0.0,0.0,0.01
74.0,0.01457,0.003867,71750144.0,93620680.0,6696.0,2492.0,246.0,650.0,9.0,0.0,0.0,0.0,137591568.0,75755520.0,1782748.0,30.0,787.0,679.0,0.0,0.0,0.0,0.01
75.0,0.016449,0.005785,71743768.0,93620680.0,6696.0,2492.0,246.0,650.0,9.0,0.0,0.0,0.0,137591568.0,75755520.0,1782748.0,30.0,799.0,691.0,0.0,0.0,0.0,0.01
73.0,0.016894,0.00487,72462736.0,93620680.0,6696.0,2524.0,246.0,670.0,9.0,0.0,0.0,0.0,137591568.0,75755520.0,1782748.0,35.0,1088.0,911.0,0.0,0.0,0.0,0.01
71.0,0.016837,0.004424,72374496.0,93620680.0,6696.0,2497.0,246.0,650.0,9.0,0.0,0.0,0.0,137590800.0,75755520.0,1782604.0,33.0,1038.0,864.0,0.0,0.0,0.0,0.01
72.0,0.015943,0.006581,72276616.0,93620680.0,6696.0,2477.0,246.0,638.0,9.0,0.0,0.0,0.0,137590032.0,75755520.0,1782460.0,33.0,994.0,820.0,0.0,0.0,0.0,0.01
72.0,0.01708,0.00473,72133936.0,93620680.0,6696.0,2453.0,246.0,622.0,9.0,0.0,0.0,0.0,137589264.0,75755520.0,1782316.0,32.0,933.0,769.0,0.0,0.0,0.0,0.01
74.0,0.016423,0.008361,72645368.0,93620680.0,6696.0,2503.0,246.0,656.0,8.0,0.0,0.0,0.0,137591568.0,75755520.0,1782748.0,30.0,1040.0,932.0,0.0,0.0,0.0,0.01
75.0,0.016032,0.012492,72614696.0,93620680.0,6696.0,2503.0,246.0,656.0,8.0,0.0,0.0,0.0,137591568.0,75755520.0,1782748.0,30.0,987.0,879.0,0.0,0.0,0.0,0.01
74.0,0.017247,0.003343,72623160.0,93620680.0,6696.0,2503.0,246.0,656.0,8.0,0.0,0.0,0.0,137591568.0,75755520.0,1782748.0,30.0,963.0,855.0,0.0,0.0,0.0,0.01
74.0,0.016759,0.002476,72624112.0,93620680.0,6696.0,2503.0,246.0,656.0,8.0,0.0,0.0,0.0,137591568.0,75755520.0,1782748.0,30.0,966.0,858.0,0.0,0.0,0.0,0.01
76.0,0.015202,0.007866,72624112.0,93620680.0,6696.0,2503.0,246.0,656.0,8.0,0.0,0.0,0.0,137591568.0,75755520.0,1782748.0,30.0,966.0,858.0,0.0,0.0,0.0,0.01
75.0,0.016069,0.003579,72624112.0,93620680.0,6696.0,2503.0,246.0,656.0,8.0,0.0,0.0,0.0,137591568.0,75755520.0,1782748.0,30.0,966.0,858.0,0.0,0.0,0.0,0.01
75.0,0.014853,0.002315,72624112.0,93620680.0,6696.0,2503.0,246.0,656.0,8.0,0.0,0.0,0.0,137591568.0,75755520.0,1782748.0,30.0,966.0,858.0,0.0,0.0,0.0,0.01
76.0,0.015337,0.001812,72624112.0,93620680.0,6696.0,2503.0,246.0,656.0,8.0,0.0,0.0,0.0,137591568.0,75755520.0,1782748.0,30.0,966.0,858.0,0.0,0.0,0.0,0.01
75.0,0.01589,0.002128,72624112.0,93620680.0,6696.0,2503.0,246.0,656.0,8.0,0.0,0.0,0.0,137591568.0,75755520.0,1782748.0,30.0,966.0,858.0,0.0,0.0,0.0,0.01
76.0,0.016509,0.006457,72633272.0,93620680.0,6696.0,2516.0,246.0,656.0,8.0,0.0,0.0,0.0,137591568.0,75755520.0,1782748.0,30.0,966.0,858.0,0.0,0.0,0.0,0.01
75.0,0.016589,0.002751,72624112.0,93620680.0,6696.0,2503.0,246.0,656.0,8.0,0.0,0.0,0.0,137591568.0,75755520.0,1782748.0,30.0,966.0,858.0,0.0,0.0,0.0,0.01
74.0,0.019562,0.005904,72624112.0,93620680.0,6696.0,2503.0,246.0,656.0,8.0,0.0,0.0,0.0,137591568.0,75755520.0,1782748.0,30.0,966.0,858.0,0.0,0.0,0.0,0.01
75.0,0.016156,0.006257,72624112.0,93620680.0,6696.0,2503.0,246.0,656.0,8.0,0.0,0.0,0.0,137591568.0,75755520.0,1782748.0,30.0,966.0,858.0,0.0,0.0,0.0,0.01
74.0,0.017159,0.005993,72624112.0,93620680.0,6696.0,2503.0,246.0,656.0,8.0,0.0,0.0,0.0,137591568.0,75755520.0,1782748.0,30.0,966.0,858.0,0.0,0.0,0.0,0.01
75.0,0.015538,0.006144,72624112.0,93620680.0,6696.0,2503.0,246.0,656.0,8.0,0.0,0.0,0.0,137591568.0,75755520.0,1782748.0,30.0,966.0,858.0,0.0,0.0,0.0,0.01
75.0,0.016284,0.006695,72643072.0,93620680.0,6696.0,2530.0,246.0,656.0,8.0,0.0,0.0,0.0,137591568.0,75755520.0,1782748.0,30.0,966.0,858.0,0.0,0.0,0.0,0.01
75.0,0.015266,0.004742,72624112.0,93620680.0,6696.0,2503.0,246.0,656.0,8.0,0.0,0.0,0.0,137591568.0,75755520.0,1782748.0,30.0,966.0,858.0,0.0,0.0,0.0,0.01
74.0,0.016749,0.002843,72624112.0,93620680.0,6696.0,2503.0,246.0,656.0,8.0,0.0,0.0,0.0,137591568.0,75755520.0,1782748.0,30.0,966.0,858.0,0.0,0.0,0.0,0.01
76.0,0.015458,0.003367,72624112.0,93620680.0,6696.0,2503.0,246.0,656.0,8.0,0.0,0.0,0.0,137591568.0,75755520.0,1782748.0,30.0,966.0,858.0,0.0,0.0,0.0,0.01
75.0,0.015784,0.0051,72624112.0,93620680.0,6696.0,2503.0,246.0,656.0,8.0,0.0,0.0,0.0,137591568.0,75755520.0,1782748.0,30.0,966.0,858.0,0.0,0.0,0.0,0.01
75.0,0.016786,0.004715,72624112.0,93620680.0,6696.0,2503.0,246.0,656.0,8.0,0.0,0.0,0.0,137591568.0,75755520.0,1782748.0,30.0,966.0,858.0,0.0,0.0,0.0,0.01
74.0,0.016035,0.003527,72624112.0,93620680.0,6696.0,2503.0,246.0,656.0,8.0,0.0,0.0,0.0,137591568.0,75755520.0,1782748.0,30.0,966.0,858.0,0.0,0.0,0.0,0.01
76.0,0.01496,0.002214,72624112.0,93620680.0,6696.0,2503.0,246.0,656.0,8.0,0.0,0.0,0.0,137591568.0,75755520.0,1782748.0,30.0,966.0,858.0,0.0,0.0,0.0,0.01
75.0,0.015042,0.003869,72624112.0,93620680.0,6696.0,2503.0,246.0,656.0,8.0,0.0,0.0,0.0,137591568.0,75755520.0,1782748.0,30.0,966.0,858.0,0.0,0.0,0.0,0.01
75.0,0.015164,0.002769,72624112.0,93620680.0,6696.0,2503.0,246.0,656.0,8.0,0.0,0.0,0.0,137591568.0,75755520.0,1782748.0,30.0,966.0,858.0,0.0,0.0,0.0,0.01
75.0,0.016217,0.007085,72624112.0,93620680.0,6696.0,2503.0,246.0,656.0,8.0,0.0,0.0,0.0,137591568.0,75755520.0,1782748.0,30.0,966.0,858.0,0.0,0.0,0.0,0.01
75.0,0.017506,0.007988,72624112.0,93620680.0,6696.0,2503.0,246.0,656.0,8.0,0.0,0.0,0.0,137591568.0,75755520.0,1782748.0,30.0,966.0,858.0,0.0,0.0,0.0,0.01
76.0,0.015454,0.00532,72624112.0,93620680.0,6696.0,2503.0,246.0,656.0,8.0,0.0,0.0,0.0,137591568.0,75755520.0,1782748.0,30.0,966.0,858.0,0.0,0.0,0.0,0.01
75.0,0.015693,0.003914,72624112.0,93620680.0,6696.0,2503.0,246.0,656.0,8.0,0.0,0.0,0.0,137591568.0,75755520.0,1782748.0,30.0,966.0,858.0,0.0,0.0,0.0,0.01
75.0,0.015966,0.003087,72624112.0,93620680.0,6696.0,2503.0,246.0,656.0,8.0,0.0,0.0,0.0,137591568.0,75755520.0,1782748.0,30.0,966.0,858.0,0.0,0.0,0.0,0.01
76.0,0.016794,0.005953,72624112.0,93620680.0,6696.0,2503.0,246.0,656.0,8.0,0.0,0.0,0.0,137591568.0,75755520.0,1782748.0,30.0,966.0,858.0,0.0,0.0,0.0,0.01
75.0,0.017931,0.006732,72624112.0,93620680.0,6696.0,2503.0,246.0,656.0,8.0,0.0,0.0,0.0,137591568.0,75755520.0,1782748.0,30.0,966.0,858.0,0.0,0.0,0.0,0.01
76.0,0.01418,0.003338,72624112.0,93620680.0,6696.0,2503.0,246.0,656.0,8.0,0.0,0.0,0.0,137591568.0,75755520.0,1782748.0,30.0,966.0,858.0,0.0,0.0,0.0,0.01
74.0,0.016454,0.006756,72624112.0,93620680.0,6696.0,2503.0,246.0,656.0,8.0,0.0,0.0,0.0,137591568.0,75755520.0,1782748.0,30.0,966.0,858.0,0.0,0.0,0.0,0.01
75.0,0.014945,0.00529,72624112.0,93620680.0,6696.0,2503.0,246.0,656.0,8.0,0.0,0.0,0.0,137591568.0,75755520.0,1782748.0,30.0,966.0,858.0,0.0,0.0,0.0,0.01
75.0,0.015612,0.004813,72717240.0,93620680.0,6696.0,2503.0,246.0,656.0,8.0,0.0,0.0,0.0,137591568.0,75755520.0,1782748.0,30.0,1055.0,947.0,0.0,0.0,0.0,0.01
73.0,0.015878,0.003104,72680832.0,93620680.0,6696.0,2503.0,246.0,656.0,8.0,0.0,0.0,0.0,137591568.0,75755520.0,1782748.0,30.0,945.0,837.0,0.0,0.0,0.0,0.01
72.0,0.016647,0.007084,72661528.0,93620680.0,6696.0,2503.0,246.0,656.0,8.0,0.0,0.0,0.0,137591568.0,75755520.0,1782748.0,30.0,909.0,801.0,0.0,0.0,0.0,0.01
74.0,0.016246,0.00465,72651904.0,93620680.0,6696.0,2503.0,246.0,656.0,8.0,0.0,0.0,0.0,137591568.0,75755520.0,1782748.0,30.0,905.0,797.0,0.0,0.0,0.0,0.01
74.0,0.014547,0.002779,72672048.0,93620680.0,6696.0,2503.0,246.0,656.0,8.0,0.0,0.0,0.0,137591568.0,75755520.0,1782748.0,30.0,964.0,856.0,0.0,0.0,0.0,0.01
75.0,0.014419,0.004493,72664184.0,93620680.0,6696.0,2503.0,246.0,656.0,8.0,0.0,0.0,0.0,137591568.0,75755520.0,1782748.0,30.0,956.0,848.0,0.0,0.0,0.0,0.01
75.0,0.015437,0.005055,72681096.0,93620680.0,6696.0,2503.0,246.0,656.0,8.0,0.0,0.0,0.0,137591568.0,75755520.0,1782748.0,30.0,979.0,871.0,0.0,0.0,0.0,0.01
75.0,0.014905,0.004385,72650192.0,93620680.0,6696.0,2503.0,246.0,656.0,8.0,0.0,0.0,0.0,137591568.0,75755520.0,1782748.0,30.0,925.0,817.0,0.0,0.0,0.0,0.01
75.0,0.01438,0.002625,72647432.0,93620680.0,6696.0,2503.0,246.0,656.0,8.0,0.0,0.0,0.0,137591568.0,75755520.0,1782748.0,30.0,890.0,782.0,0.0,0.0,0.0,0.01
72.0,0.016799,0.006124,73361296.0,93620680.0,6696.0,2638.0,246.0,752.0,10.0,0.0,0.0,0.0,137595408.0,75755520.0,1783468.0,35.0,948.0,840.0,0.0,0.0,0.0,0.01
68.0,0.016902,0.008903,73365072.0,93620680.0,6696.0,2638.0,246.0,752.0,10.0,0.0,0.0,0.0,137595408.0,75755520.0,1783468.0,35.0,986.0,878.0,0.0,0.0,0.0,0.01
68.0,0.016892,0.007385,73370672.0,93620680.0,6696.0,2638.0,246.0,752.0,10.0,0.0,0.0,0.0,137595408.0,75755520.0,1783468.0,35.0,988.0,880.0,0.0,0.0,0.0,0.01
67.0,0.015716,0.006527,73404368.0,93620680.0,6696.0,2638.0,246.0,752.0,10.0,0.0,0.0,0.0,137595408.0,75755520.0,1783468.0,35.0,1023.0,915.0,0.0,0.0,0.0,0.01
68.0,0.015721,0.006044,73384872.0,93620680.0,6696.0,2638.0,246.0,752.0,10.0,0.0,0.0,0.0,137595408.0,75755520.0,1783468.0,35.0,989.0,881.0,0.0,0.0,0.0,0.01
69.0,0.016387,0.003419,73381128.0,93620680.0,6696.0,2639.0,246.0,752.0,10.0,0.0,0.0,0.0,137595408.0,75755520.0,1783468.0,35.0,1004.0,896.0,0.0,0.0,0.0,0.01
68.0,0.016233,0.003278,73347424.0,93620680.0,6696.0,2641.0,246.0,752.0,10.0,0.0,0.0,0.0,137595408.0,75755520.0,1783468.0,35.0,969.0,861.0,0.0,0.0,0.0,0.01
67.0,0.017568,0.006909,73525392.0,93620680.0,6696.0,2643.0,246.0,752.0,10.0,0.0,0.0,0.0,137595408.0,75755520.0,1783468.0,35.0,1098.0,980.0,0.0,0.0,0.0,0.01
65.0,0.016341,0.008994,73854360.0,93620680.0,6696.0,2666.0,246.0,772.0,10.0,0.0,0.0,0.0,137595408.0,75755520.0,1783468.0,40.0,1179.0,1043.0,0.0,0.0,0.0,0.01
64.0,0.019262,0.00717,73774680.0,93620680.0,6696.0,2644.0,246.0,758.0,10.0,0.0,0.0,0.0,137594640.0,75755520.0,1783324.0,39.0,1162.0,1026.0,0.0,0.0,0.0,0.01
64.0,0.017084,0.008767,73430856.0,93620680.0,6696.0,2580.0,246.0,710.0,10.0,0.0,0.0,0.0,137593104.0,75755520.0,1783036.0,33.0,1077.0,943.0,0.0,0.0,0.0,0.01
69.0,0.017192,0.007005,73256768.0,93620680.0,6696.0,2552.0,246.0,690.0,10.0,0.0,0.0,0.0,137592336.0,75755520.0,1782892.0,31.0,1024.0,894.0,0.0,0.0,0.0,0.01
69.0,0.01641,0.014579,74120344.0,93620680.0,6696.0,2644.0,246.0,758.0,9.0,0.0,0.0,0.0,137595408.0,75755520.0,1783468.0,35.0,1264.0,1156.0,0.0,0.0,0.0,0.01
69.0,0.016022,0.00274,74262496.0,93620680.0,6696.0,2644.0,246.0,758.0,9.0,0.0,0.0,0.0,137595408.0,75755520.0,1783468.0,35.0,1194.0,1086.0,0.0,0.0,0.0,0.01
70.0,0.01745,0.006168,74289800.0,93620680.0,6696.0,2644.0,246.0,758.0,9.0,0.0,0.0,0.0,137595408.0,75755520.0,1783468.0,35.0,1187.0,1079.0,0.0,0.0,0.0,0.01
70.0,0.017229,0.002841,74318728.0,93620680.0,6696.0,2644.0,246.0,758.0,9.0,0.0,0.0,0.0,137619792.0,75755520.0,1807852.0,35.0,1187.0,1079.0,0.0,0.0,0.0,0.01
67.0,0.017512,0.00034,74318728.0,93620680.0,6696.0,2644.0,246.0,758.0,9.0,0.0,0.0,0.0,137619792.0,75755520.0,1807852.0,35.0,1187.0,1079.0,0.0,0.0,0.0,0.01
68.0,0.01678,0.000425,74318728.0,93620680.0,6696.0,2644.0,246.0,758.0,9.0,0.0,0.0,0.0,137619792.0,75755520.0,1807852.0,35.0,1187.0,1079.0,0.0,0.0,0.0,0.01
68.0,0.017706,0.000316,74318728.0,93620680.0,6696.0,2644.0,246.0,758.0,9.0,0.0,0.0,0.0,137619792.0,75755520.0,1807852.0,35.0,1187.0,1079.0,0.0,0.0,0.0,0.01
68.0,0.018262,0.000211,74318728.0,93620680.0,6696.0,2644.0,246.0,758.0,9.0,0.0,0.0,0.0,137619792.0,75755520.0,1807852.0,35.0,1187.0,1079.0,0.0,0.0,0.0,0.01
68.0,0.017386,0.000327,74318728.0,93620680.0,6696.0,2644.0,246.0,758.0,9.0,0.0,0.0,0.0,137619792.0,75755520.0,1807852.0,35.0,1187.0,1079.0,0.0,0.0,0.0,0.01
68.0,0.017481,0.000343,74318728.0,93620680.0,6696.0,2644.0,246.0,758.0,9.0,0.0,0.0,0.0,137619792.0,75755520.0,1807852.0,35.0,1187.0,1079.0,0.0,0.0,0.0,0.01
68.0,0.016928,0.000338,74318728.0,93620680.0,6696.0,2644.0,246.0,758.0,9.0,0.0,0.0,0.0,137619792.0,75755520.0,1807852.0,35.0,1187.0,1079.0,0.0,0.0,0.0,0.01
68.0,0.016817,0.000191,74318728.0,93620680.0,6696.0,2644.0,246.0,758.0,9.0,0.0,0.0,0.0,137619792.0,75755520.0,1807852.0,35.0,1187.0,1079.0,0.0,0.0,0.0,0.01
68.0,0.018039,0.00035,74318728.0,93620680.0,6696.0,2644.0,246.0,758.0,9.0,0.0,0.0,0.0,137619792.0,75755520.0,1807852.0,35.0,1187.0,1079.0,0.0,0.0,0.0,0.01
68.0,0.016582,0.00022,74318728.0,93620680.0,6696.0,2644.0,246.0,758.0,9.0,0.0,0.0,0.0,137619792.0,75755520.0,1807852.0,35.0,1187.0,1079.0,0.0,0.0,0.0,0.01
68.0,0.018177,0.000414,74318728.0,93620680.0,6696.0,2644.0,246.0,758.0,9.0,0.0,0.0,0.0,137619792.0,75755520.0,1807852.0,35.0,1187.0,1079.0,0.0,0.0,0.0,0.01
67.0,0.01706,0.000395,74318728.0,93620680.0,6696.0,2644.0,246.0,758.0,9.0,0.0,0.0,0.0,137619792.0,75755520.0,1807852.0,35.0,1187.0,1079.0,0.0,0.0,0.0,0.01
69.0,0.016883,0.000499,74318728.0,93620680.0,6696.0,2644.0,246.0,758.0,9.0,0.0,0.0,0.0,137619792.0,75755520.0,1807852.0,35.0,1187.0,1079.0,0.0,0.0,0.0,0.01
68.0,0.017058,0.000367,74318728.0,93620680.0,6696.0,2644.0,246.0,758.0,9.0,0.0,0.0,0.0,137619792.0,75755520.0,1807852.0,35.0,1187.0,1079.0,0.0,0.0,0.0,0.01
68.0,0.016588,0.000157,74318728.0,93620680.0,6696.0,2644.0,246.0,758.0,9.0,0.0,0.0,0.0,137619792.0,75755520.0,1807852.0,35.0,1187.0,1079.0,0.0,0.0,0.0,0.01
69.0,0.017607,0.00019,74318728.0,93620680.0,6696.0,2644.0,246.0,758.0,9.0,0.0,0.0,0.0,137619792.0,75755520.0,1807852.0,35.0,1187.0,1079.0,0.0,0.0,0.0,0.01
68.0,0.017179,0.000299,74318728.0,93620680.0,6696.0,2644.0,246.0,758.0,9.0,0.0,0.0,0.0,137619792.0,75755520.0,1807852.0,35.0,1187.0,1079.0,0.0,0.0,0.0,0.01
67.0,0.016999,0.000304,74318728.0,93620680.0,6696.0,2644.0,246.0,758.0,9.0,0.0,0.0,0.0,137619792.0,75755520.0,1807852.0,35.0,1187.0,1079.0,0.0,0.0,0.0,0.01
68.0,0.016935,0.000416,74318728.0,93620680.0,6696.0,2644.0,246.0,758.0,9.0,0.0,0.0,0.0,137619792.0,75755520.0,1807852.0,35.0,1187.0,1079.0,0.0,0.0,0.0,0.01
68.0,0.017423,0.000217,74318728.0,93620680.0,6696.0,2644.0,246.0,758.0,9.0,0.0,0.0,0.0,137619792.0,75755520.0,1807852.0,35.0,1187.0,1079.0,0.0,0.0,0.0,0.01
69.0,0.016936,0.000191,74318728.0,93620680.0,6696.0,2644.0,246.0,758.0,9.0,0.0,0.0,0.0,137619792.0,75755520.0,1807852.0,35.0,1187.0,1079.0,0.0,0.0,0.0,0.01
68.0,0.017796,0.000186,74318728.0,93620680.0,6696.0,2644.0,246.0,758.0,9.0,0.0,0.0,0.0,137619792.0,75755520.0,1807852.0,35.0,1187.0,1079.0,0.0,0.0,0.0,0.01
68.0,0.017201,0.000364,74318728.0,93620680.0,6696.0,2644.0,246.0,758.0,9.0,0.0,0.0,0.0,137619792.0,75755520.0,1807852.0,35.0,1187.0,1079.0,0.0,0.0,0.0,0.01
68.0,0.017213,0.000405,74318728.0,93620680.0,6696.0,2644.0,246.0,758.0,9.0,0.0,0.0,0.0,137619792.0,75755520.0,1807852.0,35.0,1187.0,1079.0,0.0,0.0,0.0,0.01
67.0,0.01665,0.000443,74318728.0,93620680.0,6696.0,2644.0,246.0,758.0,9.0,0.0,0.0,0.0,137619792.0,75755520.0,1807852.0,35.0,1187.0,1079.0,0.0,0.0,0.0,0.01
69.0,0.016403,0.000191,74318728.0,93620680.0,6696.0,2644.0,246.0,758.0,9.0,0.0,0.0,0.0,137619792.0,75755520.0,1807852.0,35.0,1187.0,1079.0,0.0,0.0,0.0,0.01
69.0,0.016805,0.000291,74318728.0,93620680.0,6696.0,2644.0,246.0,758.0,9.0,0.0,0.0,0.0,137619792.0,75755520.0,1807852.0,35.0,1187.0,1079.0,0.0,0.0,0.0,0.01
68.0,0.016838,0.000184,74318728.0,93620680.0,6696.0,2644.0,246.0,758.0,9.0,0.0,0.0,0.0,137619792.0,75755520.0,1807852.0,35.0,1187.0,1079.0,0.0,0.0,0.0,0.01
69.0,0.016906,0.00018,74318728.0,93620680.0,6696.0,2644.0,246.0,758.0,9.0,0.0,0.0,0.0,137619792.0,75755520.0,1807852.0,35.0,1187.0,1079.0,0.0,0.0,0.0,0.01
68.0,0.017633,0.000424,74318728.0,93620680.0,6696.0,2644.0,246.0,758.0,9.0,0.0,0.0,0.0,137619792.0,75755520.0,1807852.0,35.0,1187.0,1079.0,0.0,0.0,0.0,0.01
69.0,0.017412,0.000174,74318728.0,93620680.0,6696.0,2644.0,246.0,758.0,9.0,0.0,0.0,0.0,137619792.0,75755520.0,1807852.0,35.0,1187.0,1079.0,0.0,0.0,0.0,0.01
68.0,0.017128,0.000426,74318728.0,93620680.0,6696.0,2644.0,246.0,758.0,9.0,0.0,0.0,0.0,137619792.0,75755520.0,1807852.0,35.0,1187.0,1079.0,0.0,0.0,0.0,0.01
68.0,0.016897,0.000212,74318728.0,93620680.0,6696.0,2644.0,246.0,758.0,9.0,0.0,0.0,0.0,137619792.0,75755520.0,1807852.0,35.0,1187.0,1079.0,0.0,0.0,0.0,0.01
69.0,0.016966,0.000148,74318728.0,93620680.0,6696.0,2644.0,246.0,758.0,9.0,0.0,0.0,0.0,137619792.0,75755520.0,1807852.0,35.0,1187.0,1079.0,0.0,0.0,0.0,0.01
68.0,0.017179,0.00015,74318728.0,93620680.0,6696.0,2644.0,246.0,758.0,9.0,0.0,0.0,0.0,137619792.0,75755520.0,1807852.0,35.0,1187.0,1079.0,0.0,0.0,0.0,0.01
68.0,0.017344,0.000397,74318728.0,93620680.0,6696.0,2644.0,246.0,758.0,9.0,0.0,0.0,0.0,137619792.0,75755520.0,1807852.0,35.0,1187.0,1079.0,0.0,0.0,0.0,0.01
68.0,0.016755,0.000401,74318728.0,93620680.0,6696.0,2644.0,246.0,758.0,9.0,0.0,0.0,0.0,137619792.0,75755520.0,1807852.0,35.0,1187.0,1079.0,0.0,0.0,0.0,0.01
69.0,0.016719,0.000325,74318728.0,93620680.0,6696.0,2644.0,246.0,758.0,9.0,0.0,0.0,0.0,137619792.0,75755520.0,1807852.0,35.0,1187.0,1079.0,0.0,0.0,0.0,0.01
68.0,0.019663,0.000368,74318728.0,93620680.0,6696.0,2644.0,246.0,758.0,9.0,0.0,0.0,0.0,137619792.0,75755520.0,1807852.0,35.0,1187.0,1079.0,0.0,0.0,0.0,0.01
68.0,0.016949,0.000198,74318728.0,93620680.0,6696.0,2644.0,246.0,758.0,9.0,0.0,0.0,0.0,137619792.0,75755520.0,1807852.0,35.0,1187.0,1079.0,0.0,0.0,0.0,0.01
68.0,0.017067,0.000367,74318728.0,93620680.0,6696.0,2644.0,246.0,758.0,9.0,0.0,0.0,0.0,137619792.0,75755520.0,1807852.0,35.0,1187.0,1079.0,0.0,0.0,0.0,0.01
67.0,0.017839,0.000386,74318728.0,93620680.0,6696.0,2644.0,246.0,758.0,9.0,0.0,0.0,0.0,137619792.0,75755520.0,1807852.0,35.0,1187.0,1079.0,0.0,0.0,0.0,0.01
69.0,0.017061,0.000456,74318728.0,93620680.0,6696.0,2644.0,246.0,758.0,9.0,0.0,0.0,0.0,137619792.0,75755520.0,1807852.0,35.0,1187.0,1079.0,0.0,0.0,0.0,0.01
67.0,0.016924,0.000414,74318728.0,93620680.0,6696.0,2644.0,246.0,758.0,9.0,0.0,0.0,0.0,137619792.0,75755520.0,1807852.0,35.0,1187.0,1079.0,0.0,0.0,0.0,0.01
69.0,0.017819,0.000226,74318728.0,93620680.0,6696.0,2644.0,246.0,758.0,9.0,0.0,0.0,0.0,137619792.0,75755520.0,1807852.0,35.0,1187.0,1079.0,0.0,0.0,0.0,0.01
68.0,0.016721,0.000276,74318728.0,93620680.0,6696.0,2644.0,246.0,758.0,9.0,0.0,0.0,0.0,137619792.0,75755520.0,1807852.0,35.0,1187.0,1079.0,0.0,0.0,0.0,0.01
67.0,0.017438,0.000321,74318728.0,93620680.0,6696.0,2644.0,246.0,758.0,9.0,0.0,0.0,0.0,137619792.0,75755520.0,1807852.0,35.0,1187.0,1079.0,0.0,0.0,0.0,0.01
69.0,0.016029,0.00021,74318728.0,93620680.0,6696.0,2644.0,246.0,758.0,9.0,0.0,0.0,0.0,137619792.0,75755520.0,1807852.0,35.0,1187.0,1079.0,0.0,0.0,0.0,0.01
68.0,0.01832,0.000193,74318728.0,93620680.0,6696.0,2644.0,246.0,758.0,9.0,0.0,0.0,0.0,137619792.0,75755520.0,1807852.0,35.0,1187.0,1079.0,0.0,0.0,0.0,0.01
68.0,0.017479,0.000263,74318728.0,93620680.0,6696.0,2644.0,246.0,758.0,9.0,0.0,0.0,0.0,137619792.0,75755520.0,1807852.0,35.0,1187.0,1079.0,0.0,0.0,0.0,0.01
68.0,0.017432,0.000262,74318728.0,93620680.0,6696.0,2644.0,246.0,758.0,9.0,0.0,0.0,0.0,137619792.0,75755520.0,1807852.0,35.0,1187.0,1079.0,0.0,0.0,0.0,0.01
68.0,0.01648,0.000206,74318728.0,93620680.0,6696.0,2644.0,246.0,758.0,9.0,0.0,0.0,0.0,137619792.0,75755520.0,1807852.0,35.0,1187.0,1079.0,0.0,0.0,0.0,0.01
69.0,0.016978,0.000342,74318728.0,93620680.0,6696.0,2644.0,246.0,758.0,9.0,0.0,0.0,0.0,137619792.0,75755520.0,1807852.0,35.0,1187.0,1079.0,0.0,0.0,0.0,0.01
68.0,0.016606,0.000235,74318728.0,93620680.0,6696.0,2644.0,246.0,758.0,9.0,0.0,0.0,0.0,137619792.0,75755520.0,1807852.0,35.0,1187.0,1079.0,0.0,0.0,0.0,0.01
68.0,0.017431,0.000157,74318728.0,93620680.0,6696.0,2644.0,246.0,758.0,9.0,0.0,0.0,0.0,137619792.0,75755520.0,1807852.0,35.0,1187.0,1079.0,0.0,0.0,0.0,0.01
68.0,0.01694,0.000349,74318728.0,93620680.0,6696.0,2644.0,246.0,758.0,9.0,0.0,0.0,0.0,137619792.0,75755520.0,1807852.0,35.0,1187.0,1079.0,0.0,0.0,0.0,0.01
68.0,0.01692,0.000219,74318728.0,93620680.0,6696.0,2644.0,246.0,758.0,9.0,0.0,0.0,0.0,137619792.0,75755520.0,1807852.0,35.0,1187.0,1079.0,0.0,0.0,0.0,0.01
68.0,0.017369,0.000338,74318728.0,93620680.0,6696.0,2644.0,246.0,758.0,9.0,0.0,0.0,0.0,137619792.0,75755520.0,1807852.0,35.0,1187.0,1079.0,0.0,0.0,0.0,0.01
68.0,0.017051,0.000311,74318728.0,93620680.0,6696.0,2644.0,246.0,758.0,9.0,0.0,0.0,0.0,137619792.0,75755520.0,1807852.0,35.0,1187.0,1079.0,0.0,0.0,0.0,0.01
69.0,0.016958,0.00027,74318728.0,93620680.0,6696.0,2644.0,246.0,758.0,9.0,0.0,0.0,0.0,137619792.0,75755520.0,1807852.0,35.0,1187.0,1079.0,0.0,0.0,0.0,0.01
68.0,0.017052,0.000322,74318728.0,93620680.0,6696.0,2644.0,246.0,758.0,9.0,0.0,0.0,0.0,137619792.0,75755520.0,1807852.0,35.0,1187.0,1079.0,0.0,0.0,0.0,0.01
68.0,0.018063,0.000252,74318728.0,93620680.0,6696.0,2644.0,246.0,758.0,9.0,0.0,0.0,0.0,137619792.0,75755520.0,1807852.0,35.0,1187.0,1079.0,0.0,0.0,0.0,0.01
68.0,0.016387,0.000255,74318728.0,93620680.0,6696.0,2644.0,246.0,758.0,9.0,0.0,0.0,0.0,137619792.0,75755520.0,1807852.0,35.0,1187.0,1079.0,0.0,0.0,0.0,0.01
67.0,0.017649,0.000429,74318728.0,93620680.0,6696.0,2644.0,246.0,758.0,9.0,0.0,0.0,0.0,137619792.0,75755520.0,1807852.0,35.0,1187.0,1079.0,0.0,0.0,0.0,0.01
69.0,0.017001,0.000346,74318728.0,93620680.0,6696.0,2644.0,246.0,758.0,9.0,0.0,0.0,0.0,137619792.0,75755520.0,1807852.0,35.0,1187.0,1079.0,0.0,0.0,0.0,0.01
68.0,0.017247,0.000228,74318728.0,93620680.0,6696.0,2644.0,246.0,758.0,9.0,0.0,0.0,0.0,137619792.0,75755520.0,1807852.0,35.0,1187.0,1079.0,0.0,0.0,0.0,0.01
68.0,0.01637,0.000377,74318728.0,93620680.0,6696.0,2644.0,246.0,758.0,9.0,0.0,0.0,0.0,137619792.0,75755520.0,1807852.0,35.0,1187.0,1079.0,0.0,0.0,0.0,0.01
68.0,0.016789,0.000359,74318728.0,93620680.0,6696.0,2644.0,246.0,758.0,9.0,0.0,0.0,0.0,137619792.0,75755520.0,1807852.0,35.0,1187.0,1079.0,0.0,0.0,0.0,0.01
67.0,0.016971,0.000273,74318728.0,93620680.0,6696.0,2644.0,246.0,758.0,9.0,0.0,0.0,0.0,137619792.0,75755520.0,1807852.0,35.0,1187.0,1079.0,0.0,0.0,0.0,0.01
68.0,0.016296,0.000374,74318728.0,93620680.0,6696.0,2644.0,246.0,758.0,9.0,0.0,0.0,0.0,137619792.0,75755520.0,1807852.0,35.0,1187.0,1079.0,0.0,0.0,0.0,0.01
68.0,0.017605,0.000236,74318728.0,93620680.0,6696.0,2644.0,246.0,758.0,9.0,0.0,0.0,0.0,137619792.0,75755520.0,1807852.0,35.0,1187.0,1079.0,0.0,0.0,0.0,0.01
68.0,0.017099,0.00021,74318728.0,93620680.0,6696.0,2644.0,246.0,758.0,9.0,0.0,0.0,0.0,137619792.0,75755520.0,1807852.0,35.0,1187.0,1079.0,0.0,0.0,0.0,0.01
68.0,0.017084,0.000388,74318728.0,93620680.0,6696.0,2644.0,246.0,758.0,9.0,0.0,0.0,0.0,137619792.0,75755520.0,1807852.0,35.0,1187.0,1079.0,0.0,0.0,0.0,0.01
68.0,0.018844,0.00035,74318728.0,93620680.0,6696.0,2644.0,246.0,758.0,9.0,0.0,0.0,0.0,137619792.0,75755520.0,1807852.0,35.0,1187.0,1079.0,0.0,0.0,0.0,0.01
68.0,0.0171,0.000352,74318728.0,93620680.0,6696.0,2644.0,246.0,758.0,9.0,0.0,0.0,0.0,137619792.0,75755520.0,1807852.0,35.0,1187.0,1079.0,0.0,0.0,0.0,0.01
69.0,0.017731,0.000274,74318728.0,93620680.0,6696.0,2644.0,246.0,758.0,9.0,0.0,0.0,0.0,137619792.0,75755520.0,1807852.0,35.0,1187.0,1079.0,0.0,0.0,0.0,0.01
68.0,0.017072,0.000451,74318728.0,93620680.0,6696.0,2644.0,246.0,758.0,9.0,0.0,0.0,0.0,137619792.0,75755520.0,1807852.0,35.0,1187.0,1079.0,0.0,0.0,0.0,0.01
68.0,0.017319,0.000319,74318728.0,93620680.0,6696.0,2644.0,246.0,758.0,9.0,0.0,0.0,0.0,137619792.0,75755520.0,1807852.0,35.0,1187.0,1079.0,0.0,0.0,0.0,0.01
68.0,0.022767,0.000226,74318728.0,93620680.0,6696.0,2644.0,246.0,758.0,9.0,0.0,0.0,0.0,137619792.0,75755520.0,1807852.0,35.0,1187.0,1079.0,0.0,0.0,0.0,0.01
68.0,0.018566,0.000405,74318728.0,93620680.0,6696.0,2644.0,246.0,758.0,9.0,0.0,0.0,0.0,137619792.0,75755520.0,1807852.0,35.0,1187.0,1079.0,0.0,0.0,0.0,0.01
68.0,0.016978,0.000344,74318728.0,93620680.0,6696.0,2644.0,246.0,758.0,9.0,0.0,0.0,0.0,137619792.0,75755520.0,1807852.0,35.0,1187.0,1079.0,0.0,0.0,0.0,0.01
68.0,0.017587,0.000173,74318728.0,93620680.0,6696.0,2644.0,246.0,758.0,9.0,0.0,0.0,0.0,137619792.0,75755520.0,1807852.0,35.0,1187.0,1079.0,0.0,0.0,0.0,0.01
68.0,0.017122,0.000376,74318728.0,93620680.0,6696.0,2644.0,246.0,758.0,9.0,0.0,0.0,0.0,137619792.0,75755520.0,1807852.0,35.0,1187.0,1079.0,0.0,0.0,0.0,0.01
69.0,0.016665,0.000345,74318728.0,93620680.0,6696.0,2644.0,246.0,758.0,9.0,0.0,0.0,0.0,137619792.0,75755520.0,1807852.0,35.0,1187.0,1079.0,0.0,0.0,0.0,0.01
67.0,0.017361,0.000435,74318728.0,93620680.0,6696.0,2644.0,246.0,758.0,9.0,0.0,0.0,0.0,137619792.0,75755520.0,1807852.0,35.0,1187.0,1079.0,0.0,0.0,0.0,0.01
69.0,0.017841,0.000374,74318728.0,93620680.0,6696.0,2644.0,246.0,758.0,9.0,0.0,0.0,0.0,137619792.0,75755520.0,1807852.0,35.0,1187.0,1079.0,0.0,0.0,0.0,0.01
68.0,0.016795,0.000385,74318728.0,93620680.0,6696.0,2644.0,246.0,758.0,9.0,0.0,0.0,0.0,137619792.0,75755520.0,1807852.0,35.0,1187.0,1079.0,0.0,0.0,0.0,0.01
68.0,0.018003,0.00015,74318728.0,93620680.0,6696.0,2644.0,246.0,758.0,9.0,0.0,0.0,0.0,137619792.0,75755520.0,1807852.0,35.0,1187.0,1079.0,0.0,0.0,0.0,0.01
68.0,0.0177,0.000349,74318728.0,93620680.0,6696.0,2644.0,246.0,758.0,9.0,0.0,0.0,0.0,137619792.0,75755520.0,1807852.0,35.0,1187.0,1079.0,0.0,0.0,0.0,0.01
68.0,0.016569,0.000338,74318728.0,93620680.0,6696.0,2644.0,246.0,758.0,9.0,0.0,0.0,0.0,137619792.0,75755520.0,1807852.0,35.0,1187.0,1079.0,0.0,0.0,0.0,0.01
68.0,0.018712,0.000239,74318728.0,93620680.0,6696.0,2644.0,246.0,758.0,9.0,0.0,0.0,0.0,137619792.0,75755520.0,1807852.0,35.0,1187.0,1079.0,0.0,0.0,0.0,0.01
69.0,0.017078,0.000262,74318728.0,93620680.0,6696.0,2644.0,246.0,758.0,9.0,0.0,0.0,0.0,137619792.0,75755520.0,1807852.0,35.0,1187.0,1079.0,0.0,0.0,0.0,0.01
68.0,0.016857,0.00037,74318728.0,93620680.0,6696.0,2644.0,246.0,758.0,9.0,0.0,0.0,0.0,137619792.0,75755520.0,1807852.0,35.0,1187.0,1079.0,0.0,0.0,0.0,0.01
69.0,0.015626,0.000351,74318728.0,93620680.0,6696.0,2644.0,246.0,758.0,9.0,0.0,0.0,0.0,137619792.0,75755520.0,1807852.0,35.0,1187.0,1079.0,0.0,0.0,0.0,0.01
68.0,0.016853,0.000428,74318728.0,93620680.0,6696.0,2644.0,246.0,758.0,9.0,0.0,0.0,0.0,137619792.0,75755520.0,1807852.0,35.0,1187.0,1079.0,0.0,0.0,0.0,0.01
68.0,0.017182,0.000541,74318728.0,93620680.0,6696.0,2644.0,246.0,758.0,9.0,0.0,0.0,0.0,137619792.0,75755520.0,1807852.0,35.0,1187.0,1079.0,0.0,0.0,0.0,0.01
68.0,0.017586,0.000345,74318728.0,93620680.0,6696.0,2644.0,246.0,758.0,9.0,0.0,0.0,0.0,137619792.0,75755520.0,1807852.0,35.0,1187.0,1079.0,0.0,0.0,0.0,0.01
69.0,0.018214,0.000284,74318728.0,93620680.0,6696.0,2644.0,246.0,758.0,9.0,0.0,0.0,0.0,137619792.0,75755520.0,1807852.0,35.0,1187.0,1079.0,0.0,0.0,0.0,0.01
68.0,0.017142,0.000223,74318728.0,93620680.0,6696.0,2644.0,246.0,758.0,9.0,0.0,0.0,0.0,137619792.0,75755520.0,1807852.0,35.0,1187.0,1079.0,0.0,0.0,0.0,0.01
69.0,0.017182,0.000164,74318728.0,93620680.0,6696.0,2644.0,246.0,758.0,9.0,0.0,0.0,0.0,137619792.0,75755520.0,1807852.0,35.0,1187.0,1079.0,0.0,0.0,0.0,0.01
68.0,0.017576,0.00027,74318728.0,93620680.0,6696.0,2644.0,246.0,758.0,9.0,0.0,0.0,0.0,137619792.0,75755520.0,1807852.0,35.0,1187.0,1079.0,0.0,0.0,0.0,0.01
68.0,0.016924,0.000325,74318728.0,93620680.0,6696.0,2644.0,246.0,758.0,9.0,0.0,0.0,0.0,137619792.0,75755520.0,1807852.0,35.0,1187.0,1079.0,0.0,0.0,0.0,0.01
68.0,0.017618,0.000376,74318728.0,93620680.0,6696.0,2644.0,246.0,758.0,9.0,0.0,0.0,0.0,137619792.0,75755520.0,1807852.0,35.0,1187.0,1079.0,0.0,0.0,0.0,0.01
69.0,0.016872,0.000349,74318728.0,93620680.0,6696.0,2644.0,246.0,758.0,9.0,0.0,0.0,0.0,137619792.0,75755520.0,1807852.0,35.0,1187.0,1079.0,0.0,0.0,0.0,0.01
67.0,0.017883,0.000347,74318728.0,93620680.0,6696.0,2644.0,246.0,758.0,9.0,0.0,0.0,0.0,137619792.0,75755520.0,1807852.0,35.0,1187.0,1079.0,0.0,0.0,0.0,0.01
68.0,0.016465,0.000391,74318728.0,93620680.0,6696.0,2644.0,246.0,758.0,9.0,0.0,0.0,0.0,137619792.0,75755520.0,1807852.0,35.0,1187.0,1079.0,0.0,0.0,0.0,0.01
68.0,0.016606,0.000379,74318728.0,93620680.0,6696.0,2644.0,246.0,758.0,9.0,0.0,0.0,0.0,137619792.0,75755520.0,1807852.0,35.0,1187.0,1079.0,0.0,0.0,0.0,0.01
68.0,0.017219,0.000421,74318728.0,93620680.0,6696.0,2644.0,246.0,758.0,9.0,0.0,0.0,0.0,137619792.0,75755520.0,1807852.0,35.0,1187.0,1079.0,0.0,0.0,0.0,0.01
67.0,0.018084,0.000343,74318728.0,93620680.0,6696.0,2644.0,246.0,758.0,9.0,0.0,0.0,0.0,137619792.0,75755520.0,1807852.0,35.0,1187.0,1079.0,0.0,0.0,0.0,0.01
69.0,0.017315,0.000328,74318728.0,93620680.0,6696.0,2644.0,246.0,758.0,9.0,0.0,0.0,0.0,137619792.0,75755520.0,1807852.0,35.0,1187.0,1079.0,0.0,0.0,0.0,0.01
68.0,0.016907,0.000245,74318728.0,93620680.0,6696.0,2644.0,246.0,758.0,9.0,0.0,0.0,0.0,137619792.0,75755520.0,1807852.0,35.0,1187.0,1079.0,0.0,0.0,0.0,0.01
68.0,0.01841,0.000317,74318728.0,93620680.0,6696.0,2644.0,246.0,758.0,9.0,0.0,0.0,0.0,137619792.0,75755520.0,1807852.0,35.0,1187.0,1079.0,0.0,0.0,0.0,0.01
68.0,0.016391,0.000483,74318728.0,93620680.0,6696.0,2644.0,246.0,758.0,9.0,0.0,0.0,0.0,137619792.0,75755520.0,1807852.0,35.0,1187.0,1079.0,0.0,0.0,0.0,0.01
67.0,0.017342,0.000359,74318728.0,93620680.0,6696.0,2644.0,246.0,758.0,9.0,0.0,0.0,0.0,137619792.0,75755520.0,1807852.0,35.0,1187.0,1079.0,0.0,0.0,0.0,0.01
68.0,0.017177,0.000226,74318728.0,93620680.0,6696.0,2644.0,246.0,758.0,9.0,0.0,0.0,0.0,137619792.0,75755520.0,1807852.0,35.0,1187.0,1079.0,0.0,0.0,0.0,0.01
68.0,0.016891,0.000276,74318728.0,93620680.0,6696.0,2644.0,246.0,758.0,9.0,0.0,0.0,0.0,137619792.0,75755520.0,1807852.0,35.0,1187.0,1079.0,0.0,0.0,0.0,0.01
68.0,0.017668,0.000294,74318728.0,93620680.0,6696.0,2644.0,246.0,758.0,9.0,0.0,0.0,0.0,137619792.0,75755520.0,1807852.0,35.0,1187.0,1079.0,0.0,0.0,0.0,0.01
68.0,0.016606,0.000408,74318728.0,93620680.0,6696.0,2644.0,246.0,758.0,9.0,0.0,0.0,0.0,137619792.0,75755520.0,1807852.0,35.0,1187.0,1079.0,0.0,0.0,0.0,0.01
68.0,0.016453,0.000232,74318728.0,93620680.0,6696.0,2644.0,246.0,758.0,9.0,0.0,0.0,0.0,137619792.0,75755520.0,1807852.0,35.0,1187.0,1079.0,0.0,0.0,0.0,0.01
68.0,0.017544,0.000147,74318728.0,93620680.0,6696.0,2644.0,246.0,758.0,9.0,0.0,0.0,0.0,137619792.0,75755520.0,1807852.0,35.0,1187.0,1079.0,0.0,0.0,0.0,0.01
69.0,0.017252,0.000373,74318728.0,93620680.0,6696.0,2644.0,246.0,758.0,9.0,0.0,0.0,0.0,137619792.0,75755520.0,1807852.0,35.0,1187.0,1079.0,0.0,0.0,0.0,0.01
68.0,0.016683,0.000364,74318728.0,93620680.0,6696.0,2644.0,246.0,758.0,9.0,0.0,0.0,0.0,137619792.0,75755520.0,1807852.0,35.0,1187.0,1079.0,0.0,0.0,0.0,0.01
68.0,0.017805,0.000411,74318728.0,93620680.0,6696.0,2644.0,246.0,758.0,9.0,0.0,0.0,0.0,137619792.0,75755520.0,1807852.0,35.0,1187.0,1079.0,0.0,0.0,0.0,0.01
68.0,0.017476,0.000217,74318728.0,93620680.0,6696.0,2644.0,246.0,758.0,9.0,0.0,0.0,0.0,137619792.0,75755520.0,1807852.0,35.0,1187.0,1079.0,0.0,0.0,0.0,0.01
68.0,0.016884,0.000144,74318728.0,93620680.0,6696.0,2644.0,246.0,758.0,9.0,0.0,0.0,0.0,137619792.0,75755520.0,1807852.0,35.0,1187.0,1079.0,0.0,0.0,0.0,0.01
68.0,0.017556,0.000294,74318728.0,93620680.0,6696.0,2644.0,246.0,758.0,9.0,0.0,0.0,0.0,137619792.0,75755520.0,1807852.0,35.0,1187.0,1079.0,0.0,0.0,0.0,0.01
68.0,0.017115,0.000377,74318728.0,93620680.0,6696.0,2644.0,246.0,758.0,9.0,0.0,0.0,0.0,137619792.0,75755520.0,1807852.0,35.0,1187.0,1079.0,0.0,0.0,0.0,0.01
68.0,0.017235,0.000669,74318728.0,93620680.0,6696.0,2644.0,246.0,758.0,9.0,0.0,0.0,0.0,137619792.0,75755520.0,1807852.0,35.0,1187.0,1079.0,0.0,0.0,0.0,0.01
68.0,0.017635,0.000302,74318728.0,93620680.0,6696.0,2644.0,246.0,758.0,9.0,0.0,0.0,0.0,137619792.0,75755520.0,1807852.0,35.0,1187.0,1079.0,0.0,0.0,0.0,0.01
68.0,0.016853,0.000507,74318728.0,93620680.0,6696.0,2644.0,246.0,758.0,9.0,0.0,0.0,0.0,137619792.0,75755520.0,1807852.0,35.0,1187.0,1079.0,0.0,0.0,0.0,0.01
68.0,0.017374,0.000346,74318728.0,93620680.0,6696.0,2644.0,246.0,758.0,9.0,0.0,0.0,0.0,137619792.0,75755520.0,1807852.0,35.0,1187.0,1079.0,0.0,0.0,0.0,0.01
67.0,0.017233,0.000347,74318728.0,93620680.0,6696.0,2644.0,246.0,758.0,9.0,0.0,0.0,0.0,137619792.0,75755520.0,1807852.0,35.0,1187.0,1079.0,0.0,0.0,0.0,0.01
69.0,0.016222,0.00021,74318728.0,93620680.0,6696.0,2644.0,246.0,758.0,9.0,0.0,0.0,0.0,137619792.0,75755520.0,1807852.0,35.0,1187.0,1079.0,0.0,0.0,0.0,0.01
68.0,0.017498,0.000376,74318728.0,93620680.0,6696.0,2644.0,246.0,758.0,9.0,0.0,0.0,0.0,137619792.0,75755520.0,1807852.0,35.0,1187.0,1079.0,0.0,0.0,0.0,0.01
68.0,0.016832,0.000301,74318728.0,93620680.0,6696.0,2644.0,246.0,758.0,9.0,0.0,0.0,0.0,137619792.0,75755520.0,1807852.0,35.0,1187.0,1079.0,0.0,0.0,0.0,0.01
67.0,0.017661,0.000371,74318728.0,93620680.0,6696.0,2644.0,246.0,758.0,9.0,0.0,0.0,0.0,137619792.0,75755520.0,1807852.0,35.0,1187.0,1079.0,0.0,0.0,0.0,0.01
68.0,0.016746,0.000659,74318728.0,93620680.0,6696.0,2644.0,246.0,758.0,9.0,0.0,0.0,0.0,137619792.0,75755520.0,1807852.0,35.0,1187.0,1079.0,0.0,0.0,0.0,0.01
67.0,0.01722,0.000377,74318728.0,93620680.0,6696.0,2644.0,246.0,758.0,9.0,0.0,0.0,0.0,137619792.0,75755520.0,1807852.0,35.0,1187.0,1079.0,0.0,0.0,0.0,0.01
68.0,0.017449,0.000412,74318728.0,93620680.0,6696.0,2644.0,246.0,758.0,9.0,0.0,0.0,0.0,137619792.0,75755520.0,1807852.0,35.0,1187.0,1079.0,0.0,0.0,0.0,0.01
68.0,0.017799,0.000418,74318728.0,93620680.0,6696.0,2644.0,246.0,758.0,9.0,0.0,0.0,0.0,137619792.0,75755520.0,1807852.0,35.0,1187.0,1079.0,0.0,0.0,0.0,0.01
68.0,0.017028,0.000355,74318728.0,93620680.0,6696.0,2644.0,246.0,758.0,9.0,0.0,0.0,0.0,137619792.0,75755520.0,1807852.0,35.0,1187.0,1079.0,0.0,0.0,0.0,0.01
67.0,0.019133,0.000433,74318728.0,93620680.0,6696.0,2644.0,246.0,758.0,9.0,0.0,0.0,0.0,137619792.0,75755520.0,1807852.0,35.0,1187.0,1079.0,0.0,0.0,0.0,0.01
68.0,0.017914,0.000471,74318728.0,93620680.0,6696.0,2644.0,246.0,758.0,9.0,0.0,0.0,0.0,137619792.0,75755520.0,1807852.0,35.0,1187.0,1079.0,0.0,0.0,0.0,0.01
68.0,0.017084,0.000382,74318728.0,93620680.0,6696.0,2644.0,246.0,758.0,9.0,0.0,0.0,0.0,137619792.0,75755520.0,1807852.0,35.0,1187.0,1079.0,0.0,0.0,0.0,0.01
69.0,0.017129,0.00028,74318728.0,93620680.0,6696.0,2644.0,246.0,758.0,9.0,0.0,0.0,0.0,137619792.0,75755520.0,1807852.0,35.0,1187.0,1079.0,0.0,0.0,0.0,0.01
67.0,0.016547,0.000503,74318728.0,93620680.0,6696.0,2644.0,246.0,758.0,9.0,0.0,0.0,0.0,137619792.0,75755520.0,1807852.0,35.0,1187.0,1079.0,0.0,0.0,0.0,0.01
68.0,0.01774,0.000435,74318728.0,93620680.0,6696.0,2644.0,246.0,758.0,9.0,0.0,0.0,0.0,137619792.0,75755520.0,1807852.0,35.0,1187.0,1079.0,0.0,0.0,0.0,0.01
68.0,0.016717,0.000251,74318728.0,93620680.0,6696.0,2644.0,246.0,758.0,9.0,0.0,0.0,0.0,137619792.0,75755520.0,1807852.0,35.0,1187.0,1079.0,0.0,0.0,0.0,0.01
68.0,0.016543,0.000242,74318728.0,93620680.0,6696.0,2644.0,246.0,758.0,9.0,0.0,0.0,0.0,137619792.0,75755520.0,1807852.0,35.0,1187.0,1079.0,0.0,0.0,0.0,0.01
67.0,0.016693,0.000337,74318728.0,93620680.0,6696.0,2644.0,246.0,758.0,9.0,0.0,0.0,0.0,137619792.0,75755520.0,1807852.0,35.0,1187.0,1079.0,0.0,0.0,0.0,0.01
68.0,0.01736,0.000355,74318728.0,93620680.0,6696.0,2644.0,246.0,758.0,9.0,0.0,0.0,0.0,137619792.0,75755520.0,1807852.0,35.0,1187.0,1079.0,0.0,0.0,0.0,0.01
68.0,0.017109,0.000337,74318728.0,93620680.0,6696.0,2644.0,246.0,758.0,9.0,0.0,0.0,0.0,137619792.0,75755520.0,1807852.0,35.0,1187.0,1079.0,0.0,0.0,0.0,0.01
68.0,0.016912,0.000229,74318728.0,93620680.0,6696.0,2644.0,246.0,758.0,9.0,0.0,0.0,0.0,137619792.0,75755520.0,1807852.0,35.0,1187.0,1079.0,0.0,0.0,0.0,0.01
68.0,0.017321,0.000391,74318728.0,93620680.0,6696.0,2644.0,246.0,758.0,9.0,0.0,0.0,0.0,137619792.0,75755520.0,1807852.0,35.0,1187.0,1079.0,0.0,0.0,0.0,0.01
68.0,0.016323,0.000221,74318728.0,93620680.0,6696.0,2644.0,246.0,758.0,9.0,0.0,0.0,0.0,137619792.0,75755520.0,1807852.0,35.0,1187.0,1079.0,0.0,0.0,0.0,0.01
68.0,0.01717,0.000385,74318728.0,93620680.0,6696.0,2644.0,246.0,758.0,9.0,0.0,0.0,0.0,137619792.0,75755520.0,1807852.0,35.0,1187.0,1079.0,0.0,0.0,0.0,0.01
69.0,0.016373,0.000422,74318728.0,93620680.0,6696.0,2644.0,246.0,758.0,9.0,0.0,0.0,0.0,137619792.0,75755520.0,1807852.0,35.0,1187.0,1079.0,0.0,0.0,0.0,0.01
68.0,0.017293,0.000722,74318728.0,93620680.0,6696.0,2644.0,246.0,758.0,9.0,0.0,0.0,0.0,137619792.0,75755520.0,1807852.0,35.0,1187.0,1079.0,0.0,0.0,0.0,0.01
68.0,0.017718,0.000246,74318728.0,93620680.0,6696.0,2644.0,246.0,758.0,9.0,0.0,0.0,0.0,137619792.0,75755520.0,1807852.0,35.0,1187.0,1079.0,0.0,0.0,0.0,0.01
68.0,0.017323,0.00038,74318728.0,93620680.0,6696.0,2644.0,246.0,758.0,9.0,0.0,0.0,0.0,137619792.0,75755520.0,1807852.0,35.0,1187.0,1079.0,0.0,0.0,0.0,0.01
68.0,0.017177,0.000455,74318728.0,93620680.0,6696.0,2644.0,246.0,758.0,9.0,0.0,0.0,0.0,137619792.0,75755520.0,1807852.0,35.0,1187.0,1079.0,0.0,0.0,0.0,0.01
69.0,0.016613,0.000141,74318728.0,93620680.0,6696.0,2644.0,246.0,758.0,9.0,0.0,0.0,0.0,137619792.0,75755520.0,1807852.0,35.0,1187.0,1079.0,0.0,0.0,0.0,0.01
68.0,0.017336,0.000211,74318728.0,93620680.0,6696.0,2644.0,246.0,758.0,9.0,0.0,0.0,0.0,137619792.0,75755520.0,1807852.0,35.0,1187.0,1079.0,0.0,0.0,0.0,0.01
68.0,0.016745,0.000343,74318728.0,93620680.0,6696.0,2644.0,246.0,758.0,9.0,0.0,0.0,0.0,137619792.0,75755520.0,1807852.0,35.0,1187.0,1079.0,0.0,0.0,0.0,0.01
69.0,0.016754,0.000334,74318728.0,93620680.0,6696.0,2644.0,246.0,758.0,9.0,0.0,0.0,0.0,137619792.0,75755520.0,1807852.0,35.0,1187.0,1079.0,0.0,0.0,0.0,0.01
68.0,0.017071,0.000452,74318728.0,93620680.0,6696.0,2644.0,246.0,758.0,9.0,0.0,0.0,0.0,137619792.0,75755520.0,1807852.0,35.0,1187.0,1079.0,0.0,0.0,0.0,0.01
68.0,0.017237,0.000349,74318728.0,93620680.0,6696.0,2644.0,246.0,758.0,9.0,0.0,0.0,0.0,137619792.0,75755520.0,1807852.0,35.0,1187.0,1079.0,0.0,0.0,0.0,0.01
68.0,0.017762,0.000345,74318728.0,93620680.0,6696.0,2644.0,246.0,758.0,9.0,0.0,0.0,0.0,137619792.0,75755520.0,1807852.0,35.0,1187.0,1079.0,0.0,0.0,0.0,0.01
67.0,0.017221,0.000337,74318728.0,93620680.0,6696.0,2644.0,246.0,758.0,9.0,0.0,0.0,0.0,137619792.0,75755520.0,1807852.0,35.0,1187.0,1079.0,0.0,0.0,0.0,0.01
68.0,0.016873,0.000295,74318728.0,93620680.0,6696.0,2644.0,246.0,758.0,9.0,0.0,0.0,0.0,137619792.0,75755520.0,1807852.0,35.0,1187.0,1079.0,0.0,0.0,0.0,0.01
68.0,0.017397,0.000452,74318728.0,93620680.0,6696.0,2644.0,246.0,758.0,9.0,0.0,0.0,0.0,137619792.0,75755520.0,1807852.0,35.0,1187.0,1079.0,0.0,0.0,0.0,0.01
68.0,0.01713,0.000478,74318728.0,93620680.0,6696.0,2644.0,246.0,758.0,9.0,0.0,0.0,0.0,137619792.0,75755520.0,1807852.0,35.0,1187.0,1079.0,0.0,0.0,0.0,0.01
68.0,0.01664,0.000405,74318728.0,93620680.0,6696.0,2644.0,246.0,758.0,9.0,0.0,0.0,0.0,137619792.0,75755520.0,1807852.0,35.0,1187.0,1079.0,0.0,0.0,0.0,0.01
69.0,0.016752,0.000372,74318728.0,93620680.0,6696.0,2644.0,246.0,758.0,9.0,0.0,0.0,0.0,137619792.0,75755520.0,1807852.0,35.0,1187.0,1079.0,0.0,0.0,0.0,0.01
67.0,0.016423,0.000388,74318728.0,93620680.0,6696.0,2644.0,246.0,758.0,9.0,0.0,0.0,0.0,137619792.0,75755520.0,1807852.0,35.0,1187.0,1079.0,0.0,0.0,0.0,0.01
69.0,0.017346,0.000222,74318728.0,93620680.0,6696.0,2644.0,246.0,758.0,9.0,0.0,0.0,0.0,137619792.0,75755520.0,1807852.0,35.0,1187.0,1079.0,0.0,0.0,0.0,0.01
68.0,0.016531,0.000331,74318728.0,93620680.0,6696.0,2644.0,246.0,758.0,9.0,0.0,0.0,0.0,137619792.0,75755520.0,1807852.0,35.0,1187.0,1079.0,0.0,0.0,0.0,0.01
68.0,0.0175,0.000251,74318728.0,93620680.0,6696.0,2644.0,246.0,758.0,9.0,0.0,0.0,0.0,137619792.0,75755520.0,1807852.0,35.0,1187.0,1079.0,0.0,0.0,0.0,0.01
68.0,0.016893,0.000348,74318728.0,93620680.0,6696.0,2644.0,246.0,758.0,9.0,0.0,0.0,0.0,137619792.0,75755520.0,1807852.0,35.0,1187.0,1079.0,0.0,0.0,0.0,0.01
68.0,0.017112,0.000327,74318728.0,93620680.0,6696.0,2644.0,246.0,758.0,9.0,0.0,0.0,0.0,137619792.0,75755520.0,1807852.0,35.0,1187.0,1079.0,0.0,0.0,0.0,0.01
67.0,0.017332,0.000418,74318728.0,93620680.0,6696.0,2644.0,246.0,758.0,9.0,0.0,0.0,0.0,137619792.0,75755520.0,1807852.0,35.0,1187.0,1079.0,0.0,0.0,0.0,0.01
68.0,0.016949,0.000344,74318728.0,93620680.0,6696.0,2644.0,246.0,758.0,9.0,0.0,0.0,0.0,137619792.0,75755520.0,1807852.0,35.0,1187.0,1079.0,0.0,0.0,0.0,0.01
68.0,0.017874,0.000374,74318728.0,93620680.0,6696.0,2644.0,246.0,758.0,9.0,0.0,0.0,0.0,137619792.0,75755520.0,1807852.0,35.0,1187.0,1079.0,0.0,0.0,0.0,0.01
68.0,0.018719,0.000356,74318728.0,93620680.0,6696.0,2644.0,246.0,758.0,9.0,0.0,0.0,0.0,137619792.0,75755520.0,1807852.0,35.0,1187.0,1079.0,0.0,0.0,0.0,0.01
67.0,0.017621,0.000349,74318728.0,93620680.0,6696.0,2644.0,246.0,758.0,9.0,0.0,0.0,0.0,137619792.0,75755520.0,1807852.0,35.0,1187.0,1079.0,0.0,0.0,0.0,0.01
68.0,0.017244,0.000457,74318728.0,93620680.0,6696.0,2644.0,246.0,758.0,9.0,0.0,0.0,0.0,137619792.0,75755520.0,1807852.0,35.0,1187.0,1079.0,0.0,0.0,0.0,0.01
68.0,0.017522,0.000354,74318728.0,93620680.0,6696.0,2644.0,246.0,758.0,9.0,0.0,0.0,0.0,137619792.0,75755520.0,1807852.0,35.0,1187.0,1079.0,0.0,0.0,0.0,0.01
68.0,0.016329,0.000345,74318728.0,93620680.0,6696.0,2644.0,246.0,758.0,9.0,0.0,0.0,0.0,137619792.0,75755520.0,1807852.0,35.0,1187.0,1079.0,0.0,0.0,0.0,0.01
69.0,0.01681,0.000155,74318728.0,93620680.0,6696.0,2644.0,246.0,758.0,9.0,0.0,0.0,0.0,137619792.0,75755520.0,1807852.0,35.0,1187.0,1079.0,0.0,0.0,0.0,0.01
67.0,0.016632,0.000345,74318728.0,93620680.0,6696.0,2644.0,246.0,758.0,9.0,0.0,0.0,0.0,137619792.0,75755520.0,1807852.0,35.0,1187.0,1079.0,0.0,0.0,0.0,0.01
68.0,0.01682,0.00037,74318728.0,93620680.0,6696.0,2644.0,246.0,758.0,9.0,0.0,0.0,0.0,137619792.0,75755520.0,1807852.0,35.0,1187.0,1079.0,0.0,0.0,0.0,0.01
68.0,0.016275,0.000648,74318728.0,93620680.0,6696.0,2644.0,246.0,758.0,9.0,0.0,0.0,0.0,137619792.0,75755520.0,1807852.0,35.0,1187.0,1079.0,0.0,0.0,0.0,0.01
68.0,0.016793,0.000399,74318728.0,93620680.0,6696.0,2644.0,246.0,758.0,9.0,0.0,0.0,0.0,137619792.0,75755520.0,1807852.0,35.0,1187.0,1079.0,0.0,0.0,0.0,0.01
68.0,0.016785,0.000401,74318728.0,93620680.0,6696.0,2644.0,246.0,758.0,9.0,0.0,0.0,0.0,137619792.0,75755520.0,1807852.0,35.0,1187.0,1079.0,0.0,0.0,0.0,0.01
68.0,0.017564,0.000325,74318728.0,93620680.0,6696.0,2644.0,246.0,758.0,9.0,0.0,0.0,0.0,137619792.0,75755520.0,1807852.0,35.0,1187.0,1079.0,0.0,0.0,0.0,0.01
68.0,0.01671,0.000465,74318728.0,93620680.0,6696.0,2644.0,246.0,758.0,9.0,0.0,0.0,0.0,137619792.0,75755520.0,1807852.0,35.0,1187.0,1079.0,0.0,0.0,0.0,0.01
68.0,0.01658,0.000479,74318728.0,93620680.0,6696.0,2644.0,246.0,758.0,9.0,0.0,0.0,0.0,137619792.0,75755520.0,1807852.0,35.0,1187.0,1079.0,0.0,0.0,0.0,0.01
67.0,0.017514,0.000351,74318728.0,93620680.0,6696.0,2644.0,246.0,758.0,9.0,0.0,0.0,0.0,137619792.0,75755520.0,1807852.0,35.0,1187.0,1079.0,0.0,0.0,0.0,0.01
68.0,0.016226,0.000557,74318728.0,93620680.0,6696.0,2644.0,246.0,758.0,9.0,0.0,0.0,0.0,137619792.0,75755520.0,1807852.0,35.0,1187.0,1079.0,0.0,0.0,0.0,0.01
67.0,0.015769,0.000342,74318728.0,93620680.0,6696.0,2644.0,246.0,758.0,9.0,0.0,0.0,0.0,137619792.0,75755520.0,1807852.0,35.0,1187.0,1079.0,0.0,0.0,0.0,0.01
68.0,0.017609,0.000399,74318728.0,93620680.0,6696.0,2644.0,246.0,758.0,9.0,0.0,0.0,0.0,137619792.0,75755520.0,1807852.0,35.0,1187.0,1079.0,0.0,0.0,0.0,0.01
68.0,0.017604,0.000363,74318728.0,93620680.0,6696.0,2644.0,246.0,758.0,9.0,0.0,0.0,0.0,137619792.0,75755520.0,1807852.0,35.0,1187.0,1079.0,0.0,0.0,0.0,0.01
68.0,0.017463,0.000392,74318728.0,93620680.0,6696.0,2644.0,246.0,758.0,9.0,0.0,0.0,0.0,137619792.0,75755520.0,1807852.0,35.0,1187.0,1079.0,0.0,0.0,0.0,0.01
68.0,0.017064,0.000374,74318728.0,93620680.0,6696.0,2644.0,246.0,758.0,9.0,0.0,0.0,0.0,137619792.0,75755520.0,1807852.0,35.0,1187.0,1079.0,0.0,0.0,0.0,0.01
68.0,0.017192,0.00035,74318728.0,93620680.0,6696.0,2644.0,246.0,758.0,9.0,0.0,0.0,0.0,137619792.0,75755520.0,1807852.0,35.0,1187.0,1079.0,0.0,0.0,0.0,0.01
68.0,0.017337,0.00029,74318728.0,93620680.0,6696.0,2644.0,246.0,758.0,9.0,0.0,0.0,0.0,137619792.0,75755520.0,1807852.0,35.0,1187.0,1079.0,0.0,0.0,0.0,0.01
68.0,0.017093,0.000349,74318728.0,93620680.0,6696.0,2644.0,246.0,758.0,9.0,0.0,0.0,0.0,137619792.0,75755520.0,1807852.0,35.0,1187.0,1079.0,0.0,0.0,0.0,0.01
68.0,0.017188,0.000379,74318728.0,93620680.0,6696.0,2644.0,246.0,758.0,9.0,0.0,0.0,0.0,137619792.0,75755520.0,1807852.0,35.0,1187.0,1079.0,0.0,0.0,0.0,0.01
67.0,0.016825,0.000467,74318728.0,93620680.0,6696.0,2644.0,246.0,758.0,9.0,0.0,0.0,0.0,137619792.0,75755520.0,1807852.0,35.0,1187.0,1079.0,0.0,0.0,0.0,0.01
68.0,0.017522,0.000359,74318728.0,93620680.0,6696.0,2644.0,246.0,758.0,9.0,0.0,0.0,0.0,137619792.0,75755520.0,1807852.0,35.0,1187.0,1079.0,0.0,0.0,0.0,0.01
67.0,0.016295,0.000586,74318728.0,93620680.0,6696.0,2644.0,246.0,758.0,9.0,0.0,0.0,0.0,137619792.0,75755520.0,1807852.0,35.0,1187.0,1079.0,0.0,0.0,0.0,0.01
68.0,0.017729,0.0003,74318728.0,93620680.0,6696.0,2644.0,246.0,758.0,9.0,0.0,0.0,0.0,137619792.0,75755520.0,1807852.0,35.0,1187.0,1079.0,0.0,0.0,0.0,0.01
68.0,0.01662,0.000297,74318728.0,93620680.0,6696.0,2644.0,246.0,758.0,9.0,0.0,0.0,0.0,137619792.0,75755520.0,1807852.0,35.0,1187.0,1079.0,0.0,0.0,0.0,0.01
68.0,0.016594,0.000363,74318728.0,93620680.0,6696.0,2644.0,246.0,758.0,9.0,0.0,0.0,0.0,137619792.0,75755520.0,1807852.0,35.0,1187.0,1079.0,0.0,0.0,0.0,0.01
68.0,0.017723,0.000345,74318728.0,93620680.0,6696.0,2644.0,246.0,758.0,9.0,0.0,0.0,0.0,137619792.0,75755520.0,1807852.0,35.0,1187.0,1079.0,0.0,0.0,0.0,0.01
68.0,0.017415,0.000378,74318728.0,93620680.0,6696.0,2644.0,246.0,758.0,9.0,0.0,0.0,0.0,137619792.0,75755520.0,1807852.0,35.0,1187.0,1079.0,0.0,0.0,0.0,0.01
68.0,0.017744,0.000446,74318728.0,93620680.0,6696.0,2644.0,246.0,758.0,9.0,0.0,0.0,0.0,137619792.0,75755520.0,1807852.0,35.0,1187.0,1079.0,0.0,0.0,0.0,0.01
68.0,0.015976,0.0007,74318728.0,93620680.0,6696.0,2644.0,246.0,758.0,9.0,0.0,0.0,0.0,137619792.0,75755520.0,1807852.0,35.0,1187.0,1079.0,0.0,0.0,0.0,0.01
68.0,0.017156,0.000302,74318728.0,93620680.0,6696.0,2644.0,246.0,758.0,9.0,0.0,0.0,0.0,137619792.0,75755520.0,1807852.0,35.0,1187.0,1079.0,0.0,0.0,0.0,0.01
69.0,0.016671,0.000188,74318728.0,93620680.0,6696.0,2644.0,246.0,758.0,9.0,0.0,0.0,0.0,137619792.0,75755520.0,1807852.0,35.0,1187.0,1079.0,0.0,0.0,0.0,0.01
67.0,0.017869,0.000464,74318728.0,93620680.0,6696.0,2644.0,246.0,758.0,9.0,0.0,0.0,0.0,137619792.0,75755520.0,1807852.0,35.0,1187.0,1079.0,0.0,0.0,0.0,0.01
68.0,0.020779,0.000351,74318728.0,93620680.0,6696.0,2644.0,246.0,758.0,9.0,0.0,0.0,0.0,137619792.0,75755520.0,1807852.0,35.0,1187.0,1079.0,0.0,0.0,0.0,0.01
68.0,0.016927,0.000362,74318728.0,93620680.0,6696.0,2644.0,246.0,758.0,9.0,0.0,0.0,0.0,137619792.0,75755520.0,1807852.0,35.0,1187.0,1079.0,0.0,0.0,0.0,0.01
68.0,0.016128,0.000398,74318728.0,93620680.0,6696.0,2644.0,246.0,758.0,9.0,0.0,0.0,0.0,137619792.0,75755520.0,1807852.0,35.0,1187.0,1079.0,0.0,0.0,0.0,0.01
67.0,0.016734,0.000367,74318728.0,93620680.0,6696.0,2644.0,246.0,758.0,9.0,0.0,0.0,0.0,137619792.0,75755520.0,1807852.0,35.0,1187.0,1079.0,0.0,0.0,0.0,0.01
68.0,0.020381,0.000419,74318728.0,93620680.0,6696.0,2644.0,246.0,758.0,9.0,0.0,0.0,0.0,137619792.0,75755520.0,1807852.0,35.0,1187.0,1079.0,0.0,0.0,0.0,0.01
68.0,0.017551,0.000371,74318728.0,93620680.0,6696.0,2644.0,246.0,758.0,9.0,0.0,0.0,0.0,137619792.0,75755520.0,1807852.0,35.0,1187.0,1079.0,0.0,0.0,0.0,0.01
69.0,0.017404,0.000366,74318728.0,93620680.0,6696.0,2644.0,246.0,758.0,9.0,0.0,0.0,0.0,137619792.0,75755520.0,1807852.0,35.0,1187.0,1079.0,0.0,0.0,0.0,0.01
68.0,0.017592,0.000219,74318728.0,93620680.0,6696.0,2644.0,246.0,758.0,9.0,0.0,0.0,0.0,137619792.0,75755520.0,1807852.0,35.0,1187.0,1079.0,0.0,0.0,0.0,0.01
68.0,0.017324,0.000402,74318728.0,93620680.0,6696.0,2644.0,246.0,758.0,9.0,0.0,0.0,0.0,137619792.0,75755520.0,1807852.0,35.0,1187.0,1079.0,0.0,0.0,0.0,0.01
68.0,0.016729,0.000309,74318728.0,93620680.0,6696.0,2644.0,246.0,758.0,9.0,0.0,0.0,0.0,137619792.0,75755520.0,1807852.0,35.0,1187.0,1079.0,0.0,0.0,0.0,0.01
68.0,0.016779,0.000312,74318728.0,93620680.0,6696.0,2644.0,246.0,758.0,9.0,0.0,0.0,0.0,137619792.0,75755520.0,1807852.0,35.0,1187.0,1079.0,0.0,0.0,0.0,0.01
68.0,0.016815,0.000347,74318728.0,93620680.0,6696.0,2644.0,246.0,758.0,9.0,0.0,0.0,0.0,137619792.0,75755520.0,1807852.0,35.0,1187.0,1079.0,0.0,0.0,0.0,0.01
68.0,0.017054,0.000289,74318728.0,93620680.0,6696.0,2644.0,246.0,758.0,9.0,0.0,0.0,0.0,137619792.0,75755520.0,1807852.0,35.0,1187.0,1079.0,0.0,0.0,0.0,0.01
68.0,0.016713,0.000324,74318728.0,93620680.0,6696.0,2644.0,246.0,758.0,9.0,0.0,0.0,0.0,137619792.0,75755520.0,1807852.0,35.0,1187.0,1079.0,0.0,0.0,0.0,0.01
68.0,0.016837,0.0003,74318728.0,93620680.0,6696.0,2644.0,246.0,758.0,9.0,0.0,0.0,0.0,137619792.0,75755520.0,1807852.0,35.0,1187.0,1079.0,0.0,0.0,0.0,0.01
68.0,0.016741,0.00033,74318728.0,93620680.0,6696.0,2644.0,246.0,758.0,9.0,0.0,0.0,0.0,137619792.0,75755520.0,1807852.0,35.0,1187.0,1079.0,0.0,0.0,0.0,0.01
68.0,0.016921,0.000219,74318728.0,93620680.0,6696.0,2644.0,246.0,758.0,9.0,0.0,0.0,0.0,137619792.0,75755520.0,1807852.0,35.0,1187.0,1079.0,0.0,0.0,0.0,0.01
69.0,0.017274,0.000208,74318728.0,93620680.0,6696.0,2644.0,246.0,758.0,9.0,0.0,0.0,0.0,137619792.0,75755520.0,1807852.0,35.0,1187.0,1079.0,0.0,0.0,0.0,0.01
68.0,0.017312,0.000337,74318728.0,93620680.0,6696.0,2644.0,246.0,758.0,9.0,0.0,0.0,0.0,137619792.0,75755520.0,1807852.0,35.0,1187.0,1079.0,0.0,0.0,0.0,0.01
69.0,0.019879,0.000306,74318728.0,93620680.0,6696.0,2644.0,246.0,758.0,9.0,0.0,0.0,0.0,137619792.0,75755520.0,1807852.0,35.0,1187.0,1079.0,0.0,0.0,0.0,0.01
68.0,0.017076,0.000299,74318728.0,93620680.0,6696.0,2644.0,246.0,758.0,9.0,0.0,0.0,0.0,137619792.0,75755520.0,1807852.0,35.0,1187.0,1079.0,0.0,0.0,0.0,0.01
68.0,0.017927,0.000339,74318728.0,93620680.0,6696.0,2644.0,246.0,758.0,9.0,0.0,0.0,0.0,137619792.0,75755520.0,1807852.0,35.0,1187.0,1079.0,0.0,0.0,0.0,0.01
68.0,0.017253,0.000434,74314096.0,93620680.0,6696.0,2644.0,246.0,758.0,9.0,0.0,0.0,0.0,137608944.0,75755520.0,1797004.0,35.0,1187.0,1079.0,0.0,0.0,0.0,0.01
69.0,0.016454,0.002621,74333560.0,93620680.0,6696.0,2644.0,246.0,758.0,9.0,0.0,0.0,0.0,137608944.0,75755520.0,1797004.0,35.0,1199.0,1091.0,0.0,0.0,0.0,0.01
69.0,0.017096,0.005661,74341376.0,93620680.0,6696.0,2644.0,246.0,758.0,9.0,0.0,0.0,0.0,137608944.0,75755520.0,1797004.0,35.0,1213.0,1105.0,0.0,0.0,0.0,0.01
69.0,0.015631,0.005771,74335560.0,93620680.0,6696.0,2644.0,246.0,758.0,9.0,0.0,0.0,0.0,137608944.0,75755520.0,1797004.0,35.0,1193.0,1085.0,0.0,0.0,0.0,0.01
70.0,0.015695,0.005932,74335560.0,93620680.0,6696.0,2644.0,246.0,758.0,9.0,0.0,0.0,0.0,137608944.0,75755520.0,1797004.0,35.0,1193.0,1085.0,0.0,0.0,0.0,0.01
69.0,0.02837,0.003073,74334208.0,93620680.0,6696.0,2643.0,246.0,758.0,9.0,0.0,0.0,0.0,137608944.0,75755520.0,1797004.0,35.0,1193.0,1085.0,0.0,0.0,0.0,0.01
67.0,0.019589,0.003216,74334208.0,93620680.0,6696.0,2643.0,246.0,758.0,9.0,0.0,0.0,0.0,137608944.0,75755520.0,1797004.0,35.0,1193.0,1085.0,0.0,0.0,0.0,0.01
68.0,0.019156,0.002456,74334208.0,93620680.0,6696.0,2643.0,246.0,758.0,9.0,0.0,0.0,0.0,137608944.0,75755520.0,1797004.0,35.0,1193.0,1085.0,0.0,0.0,0.0,0.01
69.0,0.017377,0.005479,74334208.0,93620680.0,6696.0,2643.0,246.0,758.0,9.0,0.0,0.0,0.0,137608944.0,75755520.0,1797004.0,35.0,1193.0,1085.0,0.0,0.0,0.0,0.01
68.0,0.019065,0.00267,74334208.0,93620680.0,6696.0,2643.0,246.0,758.0,9.0,0.0,0.0,0.0,137608944.0,75755520.0,1797004.0,35.0,1193.0,1085.0,0.0,0.0,0.0,0.01
68.0,0.021195,0.002925,74334208.0,93620680.0,6696.0,2643.0,246.0,758.0,9.0,0.0,0.0,0.0,137608944.0,75755520.0,1797004.0,35.0,1193.0,1085.0,0.0,0.0,0.0,0.01
66.0,0.022053,0.004985,74334208.0,93620680.0,6696.0,2643.0,246.0,758.0,9.0,0.0,0.0,0.0,137608944.0,75755520.0,1797004.0,35.0,1193.0,1085.0,0.0,0.0,0.0,0.01
66.0,0.020659,0.004836,74334208.0,93620680.0,6696.0,2643.0,246.0,758.0,9.0,0.0,0.0,0.0,137608944.0,75755520.0,1797004.0,35.0,1193.0,1085.0,0.0,0.0,0.0,0.01
66.0,0.018389,0.005016,74334208.0,93620680.0,6696.0,2643.0,246.0,758.0,9.0,0.0,0.0,0.0,137608944.0,75755520.0,1797004.0,35.0,1193.0,1085.0,0.0,0.0,0.0,0.01
68.0,0.01816,0.005051,74334208.0,93620680.0,6696.0,2643.0,246.0,758.0,9.0,0.0,0.0,0.0,137608944.0,75755520.0,1797004.0,35.0,1193.0,1085.0,0.0,0.0,0.0,0.01
66.0,0.022104,0.004677,74334208.0,93620680.0,6696.0,2643.0,246.0,758.0,9.0,0.0,0.0,0.0,137608944.0,75755520.0,1797004.0,35.0,1193.0,1085.0,0.0,0.0,0.0,0.01
67.0,0.017026,0.007404,74334208.0,93620680.0,6696.0,2643.0,246.0,758.0,9.0,0.0,0.0,0.0,137608944.0,75755520.0,1797004.0,35.0,1193.0,1085.0,0.0,0.0,0.0,0.01
67.0,0.019798,0.006891,74334208.0,93620680.0,6696.0,2643.0,246.0,758.0,9.0,0.0,0.0,0.0,137608944.0,75755520.0,1797004.0,35.0,1193.0,1085.0,0.0,0.0,0.0,0.01
69.0,0.029559,0.00288,74334208.0,93620680.0,6696.0,2643.0,246.0,758.0,9.0,0.0,0.0,0.0,137608944.0,75755520.0,1797004.0,35.0,1193.0,1085.0,0.0,0.0,0.0,0.01
68.0,0.018283,0.003532,74334208.0,93620680.0,6696.0,2643.0,246.0,758.0,9.0,0.0,0.0,0.0,137608944.0,75755520.0,1797004.0,35.0,1193.0,1085.0,0.0,0.0,0.0,0.01
68.0,0.020342,0.003035,74334208.0,93620680.0,6696.0,2643.0,246.0,758.0,9.0,0.0,0.0,0.0,137608944.0,75755520.0,1797004.0,35.0,1193.0,1085.0,0.0,0.0,0.0,0.01
69.0,0.019429,0.002683,74334208.0,93620680.0,6696.0,2643.0,246.0,758.0,9.0,0.0,0.0,0.0,137608944.0,75755520.0,1797004.0,35.0,1193.0,1085.0,0.0,0.0,0.0,0.01
68.0,0.016855,0.003051,74334208.0,93620680.0,6696.0,2643.0,246.0,758.0,9.0,0.0,0.0,0.0,137608944.0,75755520.0,1797004.0,35.0,1193.0,1085.0,0.0,0.0,0.0,0.01
68.0,0.018841,0.002784,74334208.0,93620680.0,6696.0,2643.0,246.0,758.0,9.0,0.0,0.0,0.0,137608944.0,75755520.0,1797004.0,35.0,1193.0,1085.0,0.0,0.0,0.0,0.01
68.0,0.018989,0.005673,74334208.0,93620680.0,6696.0,2643.0,246.0,758.0,9.0,0.0,0.0,0.0,137608944.0,75755520.0,1797004.0,35.0,1193.0,1085.0,0.0,0.0,0.0,0.01
68.0,0.0187,0.002759,74334208.0,93620680.0,6696.0,2643.0,246.0,758.0,9.0,0.0,0.0,0.0,137608944.0,75755520.0,1797004.0,35.0,1193.0,1085.0,0.0,0.0,0.0,0.01
68.0,0.020852,0.002683,74334208.0,93620680.0,6696.0,2643.0,246.0,758.0,9.0,0.0,0.0,0.0,137608944.0,75755520.0,1797004.0,35.0,1193.0,1085.0,0.0,0.0,0.0,0.01
67.0,0.017077,0.004247,74334208.0,93620680.0,6696.0,2643.0,246.0,758.0,9.0,0.0,0.0,0.0,137608944.0,75755520.0,1797004.0,35.0,1193.0,1085.0,0.0,0.0,0.0,0.01
69.0,0.018003,0.003111,74334208.0,93620680.0,6696.0,2643.0,246.0,758.0,9.0,0.0,0.0,0.0,137608944.0,75755520.0,1797004.0,35.0,1193.0,1085.0,0.0,0.0,0.0,0.01
69.0,0.021111,0.002884,74334208.0,93620680.0,6696.0,2643.0,246.0,758.0,9.0,0.0,0.0,0.0,137608944.0,75755520.0,1797004.0,35.0,1193.0,1085.0,0.0,0.0,0.0,0.01
68.0,0.018389,0.006177,74334208.0,93620680.0,6696.0,2643.0,246.0,758.0,9.0,0.0,0.0,0.0,137608944.0,75755520.0,1797004.0,35.0,1193.0,1085.0,0.0,0.0,0.0,0.01
69.0,0.018564,0.006755,74334208.0,93620680.0,6696.0,2643.0,246.0,758.0,9.0,0.0,0.0,0.0,137608944.0,75755520.0,1797004.0,35.0,1193.0,1085.0,0.0,0.0,0.0,0.01
68.0,0.018672,0.005801,74334208.0,93620680.0,6696.0,2643.0,246.0,758.0,9.0,0.0,0.0,0.0,137608944.0,75755520.0,1797004.0,35.0,1193.0,1085.0,0.0,0.0,0.0,0.01
69.0,0.016963,0.006378,74334208.0,93620680.0,6696.0,2643.0,246.0,758.0,9.0,0.0,0.0,0.0,137608944.0,75755520.0,1797004.0,35.0,1193.0,1085.0,0.0,0.0,0.0,0.01
68.0,0.022989,0.005415,74334208.0,93620680.0,6696.0,2643.0,246.0,758.0,9.0,0.0,0.0,0.0,137608944.0,75755520.0,1797004.0,35.0,1193.0,1085.0,0.0,0.0,0.0,0.01
68.0,0.018703,0.004094,74334208.0,93620680.0,6696.0,2643.0,246.0,758.0,9.0,0.0,0.0,0.0,137608944.0,75755520.0,1797004.0,35.0,1193.0,1085.0,0.0,0.0,0.0,0.01
67.0,0.020089,0.003129,74334208.0,93620680.0,6696.0,2643.0,246.0,758.0,9.0,0.0,0.0,0.0,137608944.0,75755520.0,1797004.0,35.0,1193.0,1085.0,0.0,0.0,0.0,0.01
69.0,0.018766,0.002287,74334208.0,93620680.0,6696.0,2643.0,246.0,758.0,9.0,0.0,0.0,0.0,137608944.0,75755520.0,1797004.0,35.0,1193.0,1085.0,0.0,0.0,0.0,0.01
68.0,0.018312,0.002677,74334208.0,93620680.0,6696.0,2643.0,246.0,758.0,9.0,0.0,0.0,0.0,137608944.0,75755520.0,1797004.0,35.0,1193.0,1085.0,0.0,0.0,0.0,0.01


